,timestamp,air_temperature,barometric_pressure,station_pressure,sea_level_pressure,relative_humidity,precip,precip_accum_last_1hr,precip_accum_local_day,precip_accum_local_day_final,precip_accum_local_yesterday,precip_accum_local_yesterday_final,precip_minutes_local_day,precip_minutes_local_yesterday,precip_minutes_local_yesterday_final,precip_analysis_type_yesterday,wind_avg,wind_direction,wind_gust,wind_lull,solar_radiation,uv,brightness,lightning_strike_last_epoch,lightning_strike_last_distance,lightning_strike_count,lightning_strike_count_last_1hr,lightning_strike_count_last_3hr,feels_like,heat_index,wind_chill,dew_point,wet_bulb_temperature,wet_bulb_globe_temperature,delta_t,air_density,pressure_trend
0,1675594897,9.8,1016.3,1016.3,1020.6,93,0.0,0.020597,0.020597,0.279695,2.581502,4.704586,4,117,117,1.0,0.2,181,0.7,0.0,0,0.0,1,1673712116.0,32.0,0,0.0,0.0,9.8,9.8,9.8,8.7,9.2,13.4,0.6,1.25125,steady
1,1675594537,10.0,1016.4,1016.4,1020.7,92,0.0,0.020597,0.020597,0.279695,2.581502,4.704586,4,117,117,1.0,0.4,92,0.8,0.0,0,0.0,1,1673712116.0,32.0,0,0.0,0.0,10.0,10.0,10.0,8.8,9.3,13.5,0.7,1.25048,steady
2,1675594237,10.0,1016.4,1016.4,1020.7,93,0.0,0.020597,0.020597,0.279695,2.581502,4.704586,4,117,117,1.0,0.9,305,1.5,0.1,0,0.0,1,1673712116.0,32.0,0,0.0,0.0,10.0,10.0,10.0,8.9,9.4,13.6,0.6,1.25048,steady
3,1675593938,10.2,1016.3,1016.3,1020.6,91,0.0,0.020597,0.020597,0.279695,2.581502,4.704586,4,117,117,1.0,0.0,0,0.0,0.0,0,0.0,1,1673712116.0,32.0,0,0.0,0.0,10.2,10.2,10.2,8.8,9.4,13.6,0.8,1.24948,steady
4,1675593576,10.3,1016.4,1016.4,1020.7,90,0.0,0.020597,0.020597,0.279695,2.581502,4.704586,4,117,117,1.0,0.0,129,0.2,0.0,0,0.0,1,1673712116.0,32.0,0,0.0,0.0,10.3,10.3,10.3,8.7,9.5,13.7,0.8,1.24916,steady
5,1675593276,10.3,1016.4,1016.4,1020.7,90,0.0,0.020597,0.020597,0.279695,2.581502,4.704586,4,117,117,1.0,0.5,244,0.9,0.0,0,0.0,1,1673712116.0,32.0,0,0.0,0.0,10.3,10.3,10.3,8.7,9.5,13.7,0.8,1.24916,steady
6,1675592916,10.3,1016.3,1016.3,1020.6,92,0.0,0.020597,0.020597,0.279695,2.581502,4.704586,4,117,117,1.0,0.0,0,0.0,0.0,0,0.0,1,1673712116.0,32.0,0,0.0,0.0,10.3,10.3,10.3,9.1,9.6,13.8,0.7,1.24904,steady
7,1675592556,10.3,1016.3,1016.3,1020.6,92,0.0,0.020597,0.020597,0.279695,2.581502,4.704586,4,117,117,1.0,0.3,202,0.9,0.0,0,0.0,1,1673712116.0,32.0,0,0.0,0.0,10.3,10.3,10.3,9.1,9.6,13.8,0.7,1.24904,rising
8,1675592017,10.4,1016.3,1016.3,1020.6,94,0.0,0.020597,0.020597,0.020597,2.581502,4.704586,4,117,117,1.0,0.8,293,2.1,0.0,0,0.0,1,1673712116.0,32.0,0,0.0,0.0,10.4,10.4,10.4,9.5,9.9,14.0,0.5,1.2486,rising
9,1675591440,10.6,1016.2,1016.2,1020.5,93,0.0,,0.020597,0.187788,,,4,117,117,,0.1,236,0.5,0.0,0,0.0,1,,,0,,,10.6,10.6,10.6,9.5,10.0,14.1,0.6,1.2476,
10,1675591118,10.5,1016.2,1016.2,1020.5,92,0.009002,0.0,0.009002,0.009002,2.581502,4.704586,0,117,117,1.0,0.0,0,0.0,0.0,0,0.0,1,1673712116.0,32.0,0,0.0,0.0,10.5,10.5,10.5,9.3,9.8,13.9,0.7,1.24803,rising
11,1675590818,10.5,1016.2,1016.2,1020.5,91,0.0,0.0,0.0,0.0,2.581502,4.704586,0,117,117,1.0,0.0,0,0.0,0.0,0,0.0,1,1673712116.0,32.0,0,0.0,0.0,10.5,10.5,10.5,9.1,9.7,13.8,0.8,1.24803,rising
12,1675590458,10.6,1016.1,1016.1,1020.4,91,0.0,0.0,0.0,0.0,2.581502,4.704586,0,117,117,1.0,0.0,0,0.0,0.0,0,0.0,1,1673712116.0,32.0,0,0.0,0.0,10.6,10.6,10.6,9.2,9.8,13.9,0.8,1.24747,rising
13,1675590158,10.7,1016.0,1016.0,1020.3,91,0.0,0.0,0.0,0.0,2.581502,4.704586,0,117,117,1.0,0.1,164,0.5,0.0,0,0.0,1,1673712116.0,32.0,0,0.0,0.0,10.7,10.7,10.7,9.3,9.9,14.0,0.8,1.24691,rising
14,1675589858,10.8,1015.9,1015.9,1020.2,90,0.0,0.0,0.0,0.0,2.581502,4.704586,0,117,117,1.0,0.1,250,0.5,0.0,0,0.0,1,1673712116.0,32.0,0,0.0,0.0,10.8,10.8,10.8,9.2,9.9,14.0,0.9,1.24635,rising
15,1675589499,11.0,1015.8,1015.8,1020.1,89,0.0,0.0,0.0,0.0,2.581502,4.704586,0,117,117,1.0,0.1,235,0.5,0.0,0,0.0,1,1673712116.0,32.0,0,0.0,0.0,11.0,11.0,11.0,9.3,10.1,14.2,0.9,1.24535,rising
16,1675589199,11.1,1015.8,1015.8,1020.1,86,0.0,0.0,0.0,0.0,2.581502,4.704586,0,117,117,1.0,0.1,248,0.6,0.0,0,0.0,1,1673712116.0,32.0,0,0.0,0.0,11.1,11.1,11.1,8.8,9.9,14.0,1.2,1.24491,rising
17,1675588897,11.1,1015.7,1015.7,1020.0,88,0.0,0.0,0.0,0.0,2.581502,4.704586,0,117,117,1.0,0.7,272,1.0,0.0,0,0.0,1,1673712116.0,32.0,0,0.0,0.0,11.1,11.1,11.1,9.2,10.1,14.2,1.0,1.24479,rising
18,1675588417,11.2,1015.8,1015.8,1020.1,88,0.0,0.0,0.0,0.0,2.581502,4.704586,0,117,117,1.0,0.1,243,0.3,0.0,0,0.0,1,1673712116.0,32.0,0,0.0,0.0,11.2,11.2,11.2,9.3,10.2,14.3,1.0,1.24447,rising
19,1675587938,11.4,1015.7,1015.7,1020.0,87,0.0,0.0,0.0,0.0,2.581502,4.704586,0,117,117,1.0,0.4,248,0.6,0.0,0,0.0,1,1673712116.0,32.0,0,0.0,0.0,11.4,11.4,11.4,9.3,10.3,14.4,1.1,1.24348,rising
20,1675587518,11.5,1015.8,1015.8,1020.1,87,0.0,0.0,0.0,0.0,2.581502,4.704586,0,117,117,1.0,1.0,261,1.9,0.5,0,0.0,1,1673712116.0,32.0,0,0.0,0.0,11.5,11.5,11.5,9.4,10.4,14.4,1.1,1.24316,rising
21,1675587218,11.5,1015.8,1015.8,1020.1,86,0.0,0.0,0.0,0.0,2.581502,4.704586,0,117,117,1.0,1.2,258,2.3,0.6,0,0.0,1,1673712116.0,32.0,0,0.0,0.0,11.5,11.5,11.5,9.2,10.3,14.4,1.2,1.24316,rising
22,1675586918,11.6,1015.7,1015.7,1020.0,86,0.0,0.0,0.0,0.0,2.581502,4.704586,0,117,117,1.0,1.5,289,2.0,1.2,0,0.0,1,1673712116.0,32.0,0,0.0,0.0,11.6,11.6,11.6,9.3,10.4,14.4,1.2,1.2426,rising
23,1675586559,11.7,1015.7,1015.7,1020.0,86,0.0,0.0,0.0,0.0,2.581502,4.704586,0,117,117,1.0,0.8,268,1.5,0.0,0,0.0,1,1673712116.0,32.0,0,0.0,0.0,11.7,11.7,11.7,9.4,10.5,14.5,1.2,1.24217,rising
24,1675586259,11.7,1015.8,1015.8,1020.1,86,0.0,0.0,0.0,0.0,2.581502,4.704586,0,117,117,1.0,0.8,250,1.5,0.5,0,0.0,1,1673712116.0,32.0,0,0.0,0.0,11.7,11.7,11.7,9.4,10.5,14.5,1.2,1.24229,rising
25,1675585899,11.7,1015.7,1015.7,1020.0,86,0.0,0.0,0.0,0.0,2.581502,4.704586,0,117,117,1.0,1.2,295,1.9,0.2,0,0.0,1,1673712116.0,32.0,0,0.0,0.0,11.7,11.7,11.7,9.4,10.5,14.5,1.2,1.24217,rising
26,1675585479,11.8,1015.7,1015.7,1020.0,86,0.0,0.0,0.0,0.0,2.581502,4.704586,0,117,117,1.0,1.1,289,2.4,0.6,0,0.0,1,1673712116.0,32.0,0,0.0,0.0,11.8,11.8,11.8,9.5,10.5,14.5,1.3,1.24173,rising
27,1675584880,11.9,1015.7,1015.7,1020.0,85,0.0,0.0,0.0,0.0,2.581502,4.704586,0,117,117,1.0,0.8,1,1.6,0.0,0,0.0,1,1673712116.0,32.0,0,0.0,0.0,11.9,11.9,11.9,9.5,10.6,14.6,1.3,1.24129,rising
28,1675584340,11.9,1015.6,1015.6,1019.9,85,0.0,0.0,0.0,0.0,2.581502,4.704586,0,117,117,1.0,0.7,280,1.4,0.0,0,0.0,1,1673712116.0,32.0,0,0.0,0.0,11.9,11.9,11.9,9.5,10.6,14.6,1.3,1.24117,rising
29,1675583920,11.9,1015.5,1015.5,1019.8,84,0.0,0.0,2.581502,4.704586,8.437269,8.870698,117,205,205,1.0,0.7,270,1.3,0.1,0,0.0,1,1673712116.0,32.0,0,0.0,0.0,11.9,11.9,11.9,9.3,10.5,14.5,1.4,1.24105,rising
30,1675583561,11.9,1015.6,1015.6,1019.9,85,0.0,0.0,2.581502,4.704586,8.437269,8.870698,117,205,205,1.0,1.3,315,2.0,0.1,0,0.0,1,1673712116.0,32.0,0,0.0,0.0,11.9,11.9,11.9,9.5,10.6,14.6,1.3,1.24117,rising
31,1675583261,11.8,1015.6,1015.6,1019.9,86,0.0,0.0,2.581502,4.704586,8.437269,8.870698,117,205,205,1.0,0.2,354,1.0,0.0,0,0.0,1,1673712116.0,32.0,0,0.0,0.0,11.8,11.8,11.8,9.5,10.5,14.5,1.3,1.24161,rising
32,1675582959,11.7,1015.5,1015.5,1019.8,87,0.0,0.0,2.581502,4.704586,8.437269,8.870698,117,205,205,1.0,0.0,0,0.0,0.0,0,0.0,1,1673712116.0,32.0,0,0.0,0.0,11.7,11.7,11.7,9.6,10.6,14.6,1.1,1.24192,rising
33,1675582599,11.7,1015.5,1015.5,1019.8,88,0.0,0.0,2.581502,4.704586,8.437269,8.870698,117,205,205,1.0,0.3,2,0.9,0.0,0,0.0,1,1673712116.0,32.0,0,0.0,0.0,11.7,11.7,11.7,9.8,10.6,14.6,1.1,1.24192,rising
34,1675582299,11.7,1015.4,1015.4,1019.7,88,0.0,0.0,2.581502,4.704586,8.437269,8.870698,117,205,205,1.0,0.0,322,0.3,0.0,0,0.0,1,1673712116.0,32.0,0,0.0,0.0,11.7,11.7,11.7,9.8,10.6,14.6,1.1,1.2418,rising
35,1675582000,11.7,1015.3,1015.3,1019.6,88,0.0,0.0,2.581502,4.704586,8.437269,8.870698,117,205,205,1.0,0.7,61,1.9,0.0,0,0.0,1,1673712116.0,32.0,0,0.0,0.0,11.7,11.7,11.7,9.8,10.6,14.6,1.1,1.24168,rising
36,1675581640,11.8,1015.2,1015.2,1019.5,89,0.0,0.0,2.581502,4.704586,8.437269,8.870698,117,205,205,1.0,0.1,57,0.5,0.0,0,0.0,1,1673712116.0,32.0,0,0.0,0.0,11.8,11.8,11.8,10.0,10.8,14.7,1.0,1.24112,rising
37,1675581280,11.8,1015.1,1015.1,1019.4,87,0.0,0.0,2.581502,4.704586,8.437269,8.870698,117,205,205,1.0,0.6,31,1.7,0.0,0,0.0,1,1673712116.0,32.0,0,0.0,0.0,11.8,11.8,11.8,9.7,10.6,14.6,1.2,1.241,rising
38,1675580800,11.8,1014.9,1014.9,1019.2,86,0.0,0.0,2.581502,4.704586,8.437269,8.870698,117,205,205,1.0,1.4,80,2.3,0.8,0,0.0,1,1673712116.0,32.0,0,0.0,0.0,11.8,11.8,11.8,9.5,10.5,14.5,1.3,1.24075,rising
39,1675580381,11.7,1014.7,1014.7,1019.0,89,0.0,0.0,2.581502,4.704586,8.437269,8.870698,117,205,205,1.0,0.8,101,1.5,0.1,0,0.0,1,1673712116.0,32.0,0,0.0,0.0,11.7,11.7,11.7,9.9,10.7,14.7,1.0,1.24094,rising
40,1675580081,11.6,1014.8,1014.8,1019.1,88,0.0,0.0,2.581502,4.704586,8.437269,8.870698,117,205,205,1.0,0.0,27,0.2,0.0,0,0.0,1,1673712116.0,32.0,0,0.0,0.0,11.6,11.6,11.6,9.7,10.5,14.5,1.1,1.2415,rising
41,1675579721,11.6,1014.6,1014.6,1018.9,87,0.0,0.0,2.581502,4.704586,8.437269,8.870698,117,205,205,1.0,0.5,55,1.1,0.0,0,0.0,1,1673712116.0,32.0,0,0.0,0.0,11.6,11.6,11.6,9.5,10.5,14.5,1.1,1.24126,rising
42,1675579421,11.4,1014.6,1014.6,1018.9,87,0.0,0.0,2.581502,4.704586,8.437269,8.870698,117,205,205,1.0,1.0,288,1.6,0.3,0,0.0,1,1673712116.0,32.0,0,0.0,0.0,11.4,11.4,11.4,9.3,10.3,14.4,1.1,1.24213,rising
43,1675579122,11.3,1014.5,1014.5,1018.8,90,0.0,0.0,2.581502,4.704586,8.437269,8.870698,117,205,205,1.0,1.0,309,1.3,0.0,0,0.0,1,1673712116.0,32.0,0,0.0,0.0,11.3,11.3,11.3,9.7,10.4,14.4,0.9,1.24244,rising
44,1675578762,11.2,1014.4,1014.4,1018.7,91,0.0,0.0,2.581502,4.704586,8.437269,8.870698,117,205,205,1.0,0.5,9,0.9,0.0,0,0.0,1,1673712116.0,32.0,0,0.0,0.0,11.2,11.2,11.2,9.8,10.4,14.4,0.8,1.24276,rising
45,1675578342,11.3,1014.2,1014.2,1018.5,91,0.0,0.0,2.581502,4.704586,8.437269,8.870698,117,205,205,1.0,1.1,163,1.4,0.6,0,0.0,1,1673712116.0,32.0,0,0.0,0.0,11.3,11.3,11.3,9.9,10.5,14.5,0.8,1.24208,rising
46,1675577740,11.6,1014.1,1014.1,1018.4,89,0.0,0.0,2.581502,4.704586,8.437269,8.870698,117,205,205,1.0,1.3,88,1.8,0.6,0,0.0,1,1673712116.0,32.0,0,0.0,0.0,11.6,11.6,11.6,9.8,10.6,14.6,1.0,1.24064,rising
47,1675577201,11.9,1014.0,1014.0,1018.3,86,0.0,0.0,2.581502,4.704586,8.437269,8.870698,117,205,205,1.0,0.0,0,0.0,0.0,0,0.0,1,1673712116.0,32.0,0,0.0,0.0,11.9,11.9,11.9,9.6,10.7,14.7,1.2,1.23922,rising
48,1675576781,12.1,1014.0,1014.0,1018.3,85,0.0,0.009576,2.581502,4.331789,8.437269,8.870698,117,205,205,1.0,0.3,137,0.6,0.0,0,0.0,1,1673712116.0,32.0,0,0.0,0.0,12.1,12.1,12.1,9.7,10.8,14.8,1.3,1.23835,rising
49,1675576481,12.3,1013.9,1013.9,1018.2,85,0.0,0.017004,2.581502,4.331789,8.437269,8.870698,117,205,205,1.0,0.9,276,2.0,0.0,0,0.0,1,1673712116.0,32.0,0,0.0,0.0,12.3,12.3,12.3,9.9,10.9,14.9,1.4,1.23736,rising
50,1675576122,12.4,1013.6,1013.6,1017.9,84,0.0,0.057956,2.581502,4.331789,8.437269,8.870698,117,205,205,1.0,2.6,287,5.0,0.4,0,0.0,1,1673712116.0,32.0,0,0.0,0.0,12.4,12.4,12.4,9.8,10.9,14.9,1.5,1.23656,rising
51,1675575822,12.4,1013.7,1013.7,1018.0,86,0.0,0.274412,2.581502,4.331789,8.437269,8.870698,117,205,205,1.0,2.1,270,3.6,1.0,0,0.0,1,1673712116.0,32.0,0,0.0,0.0,12.4,12.4,12.4,10.1,11.1,15.0,1.3,1.23668,rising
52,1675575522,12.5,1013.6,1013.6,1017.9,86,0.0,0.285559,2.581502,4.331789,8.437269,8.870698,117,205,205,1.0,1.5,289,2.7,0.7,0,0.0,1,1673712116.0,32.0,0,0.0,0.0,12.5,12.5,12.5,10.2,11.2,15.1,1.3,1.23613,rising
53,1675575162,12.7,1013.5,1013.5,1017.8,87,0.0,0.316089,2.581502,4.331789,8.437269,8.870698,117,205,205,1.0,0.4,153,1.4,0.0,0,0.0,1,1673712116.0,32.0,0,0.0,0.0,12.7,12.7,12.7,10.6,11.5,15.3,1.2,1.23514,rising
54,1675574862,12.7,1013.4,1013.4,1017.7,86,0.0,0.668436,2.581502,4.331789,8.437269,8.870698,117,205,205,1.0,1.9,286,2.8,0.6,0,0.0,1,1673712116.0,32.0,0,0.0,0.0,12.7,12.7,12.7,10.4,11.4,15.3,1.3,1.23502,rising
55,1675574563,12.6,1013.3,1013.3,1017.6,88,0.0,0.668436,2.581502,4.25328,8.437269,8.870698,117,205,205,1.0,1.3,264,1.9,1.0,0,0.0,1,1673712116.0,32.0,0,0.0,0.0,12.6,12.6,12.6,10.7,11.5,15.3,1.1,1.23533,rising
56,1675574083,12.6,1013.2,1013.2,1017.5,90,0.0,1.201867,2.581502,4.25328,8.437269,8.870698,117,205,205,1.0,0.8,223,1.5,0.0,0,0.0,1,1673712116.0,32.0,0,0.0,0.0,12.6,12.6,12.6,11.0,11.7,15.5,0.9,1.23521,rising
57,1675573601,12.6,1013.0,1013.0,1017.3,91,0.0,1.428336,2.581502,4.25328,8.437269,8.870698,117,205,205,1.0,2.0,255,2.7,1.4,0,0.0,1,1673712116.0,32.0,0,0.0,0.0,12.6,12.6,12.6,11.2,11.8,15.5,0.8,1.23496,rising
58,1675573181,12.8,1013.0,1013.0,1017.3,92,0.002042,1.536336,2.57974,4.530824,8.437269,8.870698,112,205,205,1.0,3.0,271,4.0,2.1,0,0.0,1,1673712116.0,32.0,0,0.0,0.0,12.8,12.8,12.8,11.5,12.1,15.8,0.7,1.2341,rising
59,1675572881,13.0,1012.9,1012.9,1017.2,91,0.0,1.852344,2.571926,4.52301,8.437269,8.870698,112,205,205,1.0,1.1,270,2.2,0.0,0,0.0,1,1673712116.0,32.0,0,0.0,0.0,13.0,13.0,13.0,11.6,12.2,15.9,0.8,1.23311,rising
60,1675572582,13.1,1012.6,1012.6,1016.9,90,0.000583,1.729301,2.564498,4.489511,8.437269,8.870698,107,205,205,1.0,1.5,241,2.7,0.4,0,0.0,1,1673712116.0,32.0,0,0.0,0.0,13.1,13.1,13.1,11.5,12.2,15.9,0.9,1.23232,rising
61,1675572222,13.1,1012.6,1012.6,1016.9,89,0.146642,1.756893,2.460344,4.385357,8.437269,8.870698,98,205,205,1.0,1.8,265,2.3,1.2,0,0.0,1,1673712116.0,32.0,0,0.0,0.0,13.1,13.1,13.1,11.3,12.1,15.8,1.0,1.23232,rising
62,1675571922,12.8,1012.6,1012.6,1016.9,94,0.002404,1.725896,2.299951,4.224964,8.437269,8.870698,93,205,205,1.0,1.4,259,2.8,0.0,0,0.0,1,1673712116.0,32.0,0,0.0,0.0,12.8,12.8,12.8,11.9,12.3,15.9,0.5,1.23361,rising
63,1675571562,12.7,1012.5,1012.5,1016.8,95,0.00344,1.536981,2.26999,4.367789,8.437269,8.870698,84,205,205,1.0,0.6,217,1.1,0.0,0,0.0,1,1673712116.0,32.0,0,0.0,0.0,12.7,12.7,12.7,11.9,12.2,15.8,0.5,1.23392,rising
64,1675571083,12.7,1012.2,1012.2,1016.5,96,0.065754,1.372412,2.219721,4.31752,8.437269,8.870698,84,205,205,1.0,0.9,258,1.5,0.1,0,0.0,1,1673712116.0,32.0,0,0.0,0.0,12.7,12.7,12.7,12.1,12.3,15.9,0.4,1.23355,rising
65,1675570483,12.6,1012.0,1012.0,1016.3,97,0.062491,0.838981,1.503184,2.621743,8.437269,8.870698,73,205,205,1.0,0.8,168,1.9,0.0,0,0.0,1,1673712116.0,32.0,0,0.0,0.0,12.6,12.6,12.6,12.1,12.3,15.9,0.3,1.23374,rising
66,1675569900,12.6,1011.9,1011.9,1016.2,96,0.020893,,1.346376,2.635731,,,64,205,205,,1.3,140,1.6,0.9,0,0.0,1,,,0,,,12.6,12.6,12.6,12.0,12.2,15.8,0.4,1.23362,
67,1675569524,12.8,1011.9,1011.9,1016.2,95,0.009838,0.320455,1.091547,2.210106,8.437269,8.870698,58,205,205,1.0,1.4,159,2.0,0.7,0,0.0,1,1673712116.0,32.0,0,0.0,0.0,12.8,12.8,12.8,12.0,12.3,15.9,0.5,1.23276,rising
68,1675569224,13.0,1012.1,1012.1,1016.4,93,0.081203,0.1715,0.942312,2.060871,8.437269,8.870698,48,205,205,1.0,1.3,162,1.8,1.0,0,0.0,1,1673712116.0,32.0,0,0.0,0.0,13.0,13.0,13.0,11.9,12.4,16.0,0.6,1.23214,rising
69,1675568864,13.2,1012.1,1012.1,1016.4,91,0.019359,0.0,0.622372,1.690395,8.437269,8.870698,46,205,205,1.0,0.3,229,0.7,0.0,0,0.0,1,1673712116.0,32.0,0,0.0,0.0,13.2,13.2,13.2,11.8,12.4,16.0,0.8,1.23128,rising
70,1675568564,13.3,1012.1,1012.1,1016.4,89,0.0,0.0,0.540654,1.608677,8.437269,8.870698,46,205,205,1.0,0.7,238,0.9,0.3,0,0.0,1,1673712116.0,32.0,0,0.0,0.0,13.3,13.3,13.3,11.5,12.3,16.0,1.0,1.23085,rising
71,1675568204,13.4,1011.9,1011.9,1016.2,87,0.0,0.0,0.540654,1.608677,8.437269,8.870698,46,205,205,1.0,1.1,199,2.4,0.5,0,0.0,1,1673712116.0,32.0,0,0.0,0.0,13.4,13.4,13.4,11.3,12.2,15.9,1.2,1.23018,rising
72,1675567845,13.5,1011.9,1011.9,1016.2,85,0.0,0.0,0.540654,1.608677,8.437269,8.870698,46,205,205,1.0,1.2,137,2.0,0.1,0,0.0,1,1673712116.0,32.0,0,0.0,0.0,13.5,13.5,13.5,11.0,12.1,15.8,1.4,1.22975,steady
73,1675567425,13.6,1011.7,1011.7,1016.0,84,0.0,0.0,0.540654,1.608677,8.437269,8.870698,46,205,205,1.0,1.3,162,2.2,0.6,0,0.0,1,1673712116.0,32.0,0,0.0,0.0,13.6,13.6,13.6,10.9,12.1,15.8,1.5,1.22908,steady
74,1675566765,13.9,1011.5,1011.5,1015.8,82,0.0,0.0,0.540654,1.608677,8.437269,8.870698,46,205,205,1.0,2.4,134,3.9,1.4,0,0.0,1,1673712116.0,32.0,0,0.0,0.0,13.9,13.9,13.9,10.9,12.2,15.9,1.7,1.22755,steady
75,1675566226,14.0,1011.8,1011.8,1016.1,80,0.0,0.0,0.540654,1.608677,8.437269,8.870698,46,205,205,1.0,1.5,167,2.3,0.8,0,0.0,0,1673712116.0,32.0,0,0.0,0.0,14.0,14.0,14.0,10.6,12.1,15.9,1.9,1.22749,steady
76,1675565624,14.2,1011.9,1011.9,1016.2,79,0.0,0.0,0.540654,1.608677,8.437269,8.870698,46,205,205,1.0,1.0,179,1.7,0.6,0,0.0,0,1673712116.0,32.0,0,0.0,0.0,14.2,14.2,14.2,10.6,12.2,16.0,2.0,1.22675,steady
77,1675564425,14.5,1011.7,1011.7,1016.0,78,0.0,0.0,0.540654,1.608677,8.437269,8.870698,46,205,205,1.0,1.1,212,2.6,0.1,0,0.0,1,1673712116.0,32.0,0,0.0,0.0,14.5,14.5,14.5,10.7,12.3,16.1,2.2,1.22523,steady
78,1675562566,15.1,1011.6,1011.6,1015.9,80,0.0,0.0,0.540654,1.608677,8.437269,8.870698,46,205,205,1.0,1.1,256,1.7,0.3,0,0.0,3,1673712116.0,32.0,0,0.0,0.0,15.1,15.1,15.1,11.7,13.1,16.7,2.0,1.22256,steady
79,1675560406,15.0,1010.9,1010.9,1015.2,86,0.0,0.0,0.540654,1.608677,8.437269,8.870698,46,205,205,1.0,2.1,173,3.0,1.3,4,0.01,418,1673712116.0,32.0,0,0.0,0.0,15.0,15.0,15.0,12.7,13.6,14.0,1.4,1.22214,falling
80,1675558427,14.4,1010.9,1010.9,1015.2,94,0.0,0.110917,0.540654,1.608677,8.437269,8.870698,46,205,205,1.0,2.2,154,3.0,1.4,16,0.07,1866,1673712116.0,32.0,0,0.0,0.0,14.4,14.4,14.4,13.4,13.8,14.0,0.6,1.22469,falling
81,1675557108,14.3,1011.0,1011.0,1015.3,93,0.0,0.110917,0.540654,1.608677,8.437269,8.870698,46,205,205,1.0,2.9,140,4.3,1.6,29,0.13,3460,1673712116.0,32.0,0,0.0,0.0,14.3,14.3,14.3,13.2,13.6,13.9,0.7,1.22523,falling
82,1675556149,14.4,1011.1,1011.1,1015.4,93,0.0,0.110917,0.540654,1.608677,8.437269,8.870698,46,205,205,1.0,3.4,144,4.9,2.7,24,0.1,2824,1673712116.0,32.0,0,0.0,0.0,14.4,14.4,14.4,13.3,13.7,14.0,0.7,1.22493,falling
83,1675555007,14.7,1010.9,1010.9,1015.2,91,0.022418,0.0,0.52853,1.224094,8.437269,8.870698,39,205,205,1.0,3.3,150,4.9,2.0,93,0.41,11143,1673712116.0,32.0,0,0.0,0.0,14.7,14.7,14.7,13.2,13.8,14.3,0.9,1.22341,falling
84,1675554707,14.7,1011.0,1011.0,1015.3,90,0.0,0.060085,0.429737,1.125301,8.437269,8.870698,39,205,205,1.0,3.2,129,4.2,2.0,24,0.1,2851,1673712116.0,32.0,0,0.0,0.0,14.7,14.7,14.7,13.1,13.7,14.0,1.0,1.22353,falling
85,1675554408,14.7,1011.1,1011.1,1015.4,90,0.0,0.101906,0.429737,1.125301,8.437269,8.870698,39,205,205,1.0,4.1,145,6.0,2.2,43,0.2,5248,1673712116.0,32.0,0,0.0,0.0,14.7,14.7,14.7,13.1,13.7,14.1,1.0,1.22365,falling
86,1675554048,14.6,1011.0,1011.0,1015.3,91,0.0,0.209931,0.429737,1.125301,8.437269,8.870698,39,205,205,1.0,3.8,133,5.2,2.3,69,0.31,8228,1673712116.0,32.0,0,0.0,0.0,14.6,14.6,14.6,13.1,13.7,14.1,0.9,1.22396,falling
87,1675553748,14.6,1011.2,1011.2,1015.5,92,0.0,0.231065,0.429737,1.125301,8.437269,8.870698,39,205,205,1.0,3.1,142,4.0,1.8,74,0.33,8931,1673712116.0,32.0,0,0.0,0.0,14.6,14.6,14.6,13.3,13.8,14.2,0.8,1.2242,falling
88,1675553448,14.6,1011.2,1011.2,1015.5,92,0.0,0.247399,0.429737,1.125301,8.437269,8.870698,39,205,205,1.0,5.1,126,6.8,3.0,86,0.38,10244,1673712116.0,32.0,0,0.0,0.0,14.6,14.6,14.6,13.3,13.8,14.2,0.8,1.2242,falling
89,1675553088,14.6,1011.5,1011.5,1015.8,92,0.0,0.342933,0.429737,1.125301,8.437269,8.870698,39,205,205,1.0,3.7,133,4.8,2.5,115,0.51,13826,1673712116.0,32.0,0,0.0,0.0,14.6,14.6,14.6,13.3,13.8,14.3,0.8,1.22456,falling
90,1675552729,14.5,1011.4,1011.4,1015.7,92,0.0,0.367448,0.429737,0.81226,8.437269,8.870698,39,205,205,1.0,3.2,137,4.2,2.2,100,0.44,11977,1673712116.0,32.0,0,0.0,0.0,14.5,14.5,14.5,13.2,13.7,14.1,0.8,1.22487,falling
91,1675552189,14.5,1011.6,1011.6,1015.9,93,0.0,0.372498,0.429737,0.81226,8.437269,8.870698,39,205,205,1.0,3.4,131,5.8,0.6,183,0.82,22008,1673712116.0,32.0,0,0.0,0.0,14.5,14.5,14.5,13.4,13.8,14.4,0.7,1.22511,falling
92,1675551709,14.5,1011.8,1011.8,1016.1,93,0.0,0.414303,0.429737,0.81226,8.437269,8.870698,39,205,205,1.0,3.1,158,4.8,0.6,275,1.23,32987,1673712116.0,32.0,0,0.0,0.0,14.5,14.5,14.5,13.4,13.8,14.6,0.7,1.22535,falling
93,1675551350,14.4,1011.8,1011.8,1016.1,94,0.0,0.414303,0.429737,0.81226,8.437269,8.870698,39,205,205,1.0,2.5,130,3.6,1.7,264,1.18,31708,1673712116.0,32.0,0,0.0,0.0,14.4,14.4,14.4,13.4,13.8,14.6,0.6,1.22578,falling
94,1675551000,14.4,1011.9,1011.9,1016.2,95,0.0,,0.429737,0.81226,,,36,205,205,,2.9,152,4.1,1.7,242,1.08,29026,,,0,,,14.4,14.4,14.4,13.6,13.9,14.6,0.5,1.2259,
95,1675550750,14.3,1012.0,1012.0,1016.3,94,0.004498,0.312397,0.369652,0.640525,8.437269,8.870698,32,205,205,1.0,2.6,164,4.0,1.6,353,1.57,42290,1673712116.0,32.0,0,0.0,0.0,14.3,14.3,14.3,13.3,13.7,14.7,0.6,1.22645,falling
96,1675550450,14.3,1011.9,1011.9,1016.2,93,0.001302,0.204372,0.327831,0.598704,8.437269,8.870698,29,205,205,1.0,3.2,149,4.0,2.4,279,1.25,33490,1673712116.0,32.0,0,0.0,0.0,14.3,14.3,14.3,13.2,13.6,14.4,0.7,1.22633,falling
97,1675550091,14.3,1012.2,1012.2,1016.5,93,0.0,0.183238,0.219806,0.624199,8.437269,8.870698,27,205,205,1.0,2.1,146,3.2,1.0,222,0.99,26595,1673712116.0,32.0,0,0.0,0.0,14.3,14.3,14.3,13.2,13.6,14.4,0.7,1.22669,falling
98,1675549789,14.3,1012.3,1012.3,1016.6,92,0.00549,0.166904,0.193413,0.597806,8.437269,8.870698,22,205,205,1.0,3.1,165,4.9,1.4,141,0.63,16983,1673712116.0,32.0,0,0.0,0.0,14.3,14.3,14.3,13.0,13.5,14.0,0.8,1.22681,falling
99,1675549489,14.5,1012.4,1012.4,1016.7,91,0.00273,0.07137,0.181588,0.585981,8.437269,8.870698,18,205,205,1.0,2.1,150,3.0,1.5,124,0.55,14824,1673712116.0,32.0,0,0.0,0.0,14.5,14.5,14.5,13.0,13.6,14.2,0.9,1.22608,falling
100,1675549009,14.8,1012.3,1012.3,1016.6,86,0.006371,0.043977,0.06866,0.239716,8.437269,8.870698,8,205,205,1.0,4.2,145,6.1,3.0,164,0.73,19738,1673712116.0,32.0,0,0.0,0.0,14.8,14.8,14.8,12.5,13.4,14.1,1.4,1.22468,falling
101,1675548470,15.1,1012.6,1012.6,1016.9,86,0.0,0.011717,0.05757,0.228626,8.437269,8.870698,7,205,205,1.0,3.5,181,5.4,1.4,93,0.42,11185,1673712116.0,32.0,0,0.0,0.0,15.1,15.1,15.1,12.8,13.7,14.3,1.4,1.22377,falling
102,1675548050,15.3,1012.4,1012.4,1016.7,83,0.0,0.015434,0.015434,0.18649,8.437269,8.870698,3,205,205,1.0,2.7,173,6.0,1.1,124,0.55,14908,1673712116.0,32.0,0,0.0,0.0,15.3,15.3,15.3,12.4,13.6,14.4,1.7,1.22268,falling
103,1675547750,15.4,1012.5,1012.5,1016.8,83,0.0,0.015434,0.015434,0.18649,8.437269,8.870698,3,205,205,1.0,4.0,161,6.2,1.8,214,0.95,25730,1673712116.0,32.0,0,0.0,0.0,15.4,15.4,15.4,12.5,13.8,14.7,1.6,1.22237,falling
104,1675547390,15.5,1012.5,1012.5,1016.8,83,0.0,0.015434,0.015434,0.18649,8.437269,8.870698,3,205,205,1.0,4.0,176,5.9,2.2,271,1.21,32610,1673712116.0,32.0,0,0.0,0.0,15.5,15.5,15.5,12.6,13.8,14.8,1.7,1.22195,falling
105,1675547091,15.5,1012.5,1012.5,1016.8,82,0.0,0.015434,0.015434,0.18649,8.437269,8.870698,3,205,205,1.0,3.9,167,5.6,1.9,325,1.45,39083,1673712116.0,32.0,0,0.0,0.0,15.5,15.5,15.5,12.4,13.7,14.8,1.8,1.22195,falling
106,1675546791,15.5,1012.7,1012.7,1017.0,82,0.0,0.015434,0.015434,0.18649,8.437269,8.870698,3,205,205,1.0,2.1,168,3.8,0.5,294,1.31,35214,1673712116.0,32.0,0,0.0,0.0,15.5,15.5,15.5,12.4,13.7,15.0,1.8,1.22219,falling
107,1675546431,15.4,1012.8,1012.8,1017.1,83,0.0,0.015434,0.015434,0.18649,8.437269,8.870698,3,205,205,1.0,3.6,158,4.8,2.4,387,1.73,46519,1673712116.0,32.0,0,0.0,0.0,15.4,15.4,15.4,12.5,13.8,15.0,1.6,1.22274,falling
108,1675546131,15.4,1012.9,1012.9,1017.2,85,0.0,0.015434,0.015434,0.18649,8.437269,8.870698,3,205,205,1.0,2.9,150,3.7,1.8,425,1.9,51069,1673712116.0,32.0,0,0.0,0.0,15.4,15.4,15.4,12.9,13.9,15.3,1.5,1.22286,falling
109,1675545832,15.3,1013.1,1013.1,1017.4,86,0.0,0.015434,0.015434,0.18649,8.437269,8.870698,3,205,205,1.0,2.4,165,3.4,1.5,354,1.58,42436,1673712116.0,32.0,0,0.0,0.0,15.3,15.3,15.3,13.0,13.9,15.2,1.4,1.22352,falling
110,1675545472,15.3,1013.2,1013.2,1017.5,86,0.0,0.015434,0.015434,0.015434,8.437269,8.870698,3,205,205,1.0,3.9,158,5.0,2.4,595,2.66,71398,1673712116.0,32.0,0,0.0,0.0,15.3,15.3,15.3,13.0,13.9,15.4,1.4,1.22364,falling
111,1675544992,15.6,1013.4,1013.4,1017.7,85,0.0,0.003717,0.015434,0.015434,8.437269,8.870698,2,205,205,1.0,3.0,164,4.0,1.9,733,3.27,87924,1673712116.0,32.0,0,0.0,0.0,15.6,15.6,15.6,13.1,14.1,16.1,1.5,1.22261,falling
112,1675544570,16.2,1013.6,1013.6,1017.9,76,0.0,0.0,0.0,0.0,8.437269,8.870698,0,205,205,1.0,2.1,189,3.7,0.8,142,0.63,17056,1673712116.0,32.0,0,0.0,0.0,16.2,16.2,16.2,12.0,13.7,14.8,2.5,1.22032,falling
113,1675544211,16.5,1013.3,1013.3,1017.6,74,0.0,0.0,0.0,0.0,8.437269,8.870698,0,205,205,1.0,2.7,160,3.9,0.8,324,1.44,38809,1673712116.0,32.0,0,0.0,0.0,16.5,16.5,16.5,11.8,13.8,15.3,2.7,1.21869,falling
114,1675543911,16.3,1013.3,1013.3,1017.6,74,0.0,0.0,0.0,0.0,8.437269,8.870698,0,205,205,1.0,1.3,157,2.8,0.1,474,2.11,56893,1673712116.0,32.0,0,0.0,0.0,16.3,16.3,16.3,11.7,13.6,16.0,2.7,1.21954,falling
115,1675543551,16.0,1013.4,1013.4,1017.7,75,0.0,0.0,0.0,0.0,8.437269,8.870698,0,205,205,1.0,3.9,177,5.7,1.4,481,2.15,57706,1673712116.0,32.0,0,0.0,0.0,16.0,16.0,16.0,11.6,13.4,15.1,2.6,1.22092,falling
116,1675543251,16.2,1013.6,1013.6,1017.9,74,0.0,0.0,0.0,0.0,8.437269,8.870698,0,205,205,1.0,2.7,166,3.5,1.6,302,1.35,36324,1673712116.0,32.0,0,0.0,0.0,16.2,16.2,16.2,11.6,13.5,15.0,2.7,1.22032,falling
117,1675542891,16.0,1013.8,1013.8,1018.1,74,0.0,0.0,0.0,0.0,8.437269,8.870698,0,205,205,1.0,3.6,166,5.5,2.2,485,2.17,58276,1673712116.0,32.0,0,0.0,0.0,16.0,16.0,16.0,11.4,13.3,15.0,2.7,1.2214,falling
118,1675542592,15.9,1013.9,1013.9,1018.2,75,0.0,0.0,0.0,0.0,8.437269,8.870698,0,205,205,1.0,1.7,179,3.5,0.4,378,1.69,45379,1673712116.0,32.0,0,0.0,0.0,15.9,15.9,15.9,11.5,13.3,15.2,2.6,1.22195,falling
119,1675542232,15.6,1013.9,1013.9,1018.2,77,0.0,0.0,0.0,0.0,8.437269,8.870698,0,205,205,1.0,2.8,172,4.9,0.9,554,2.47,66492,1673712116.0,32.0,0,0.0,0.0,15.6,15.6,15.6,11.6,13.3,15.2,2.3,1.22322,falling
120,1675541812,15.1,1014.3,1014.3,1018.6,81,0.0,0.0,0.0,0.0,8.437269,8.870698,0,205,205,1.0,3.5,177,5.7,2.0,372,1.66,44690,1673712116.0,32.0,0,0.0,0.0,15.1,15.1,15.1,11.9,13.2,14.5,1.9,1.22582,falling
121,1675541272,15.4,1014.5,1014.5,1018.8,84,0.0,0.0,0.0,0.0,8.437269,8.870698,0,205,205,1.0,1.7,179,2.5,0.5,302,1.35,36255,1673712116.0,32.0,0,0.0,0.0,15.4,15.4,15.4,12.7,13.8,15.2,1.6,1.22479,falling
122,1675540853,15.9,1014.8,1014.8,1019.1,74,0.0,0.0,0.0,0.0,8.437269,8.870698,0,205,205,1.0,1.0,193,2.6,0.1,244,1.09,29335,1673712116.0,32.0,0,0.0,0.0,15.9,15.9,15.9,11.3,13.2,15.0,2.7,1.22303,falling
123,1675540493,15.8,1014.9,1014.9,1019.2,71,0.0,0.0,0.0,0.0,8.437269,8.870698,0,205,205,1.0,2.5,161,3.3,1.3,203,0.9,24257,1673712116.0,32.0,0,0.0,0.0,15.8,15.8,15.8,10.6,12.9,14.2,2.9,1.22358,falling
124,1675540193,15.8,1015.0,1015.0,1019.3,70,0.0,0.0,0.0,0.0,8.437269,8.870698,0,205,205,1.0,1.2,161,2.2,0.1,193,0.86,23168,1673712116.0,32.0,0,0.0,0.0,15.8,15.8,15.8,10.3,12.7,14.3,3.1,1.2237,falling
125,1675539893,15.7,1014.8,1014.8,1019.1,71,0.0,0.0,0.0,0.0,8.437269,8.870698,0,205,205,1.0,2.8,159,3.8,2.0,289,1.29,34726,1673712116.0,32.0,0,0.0,0.0,15.7,15.7,15.7,10.5,12.7,14.2,3.0,1.22388,falling
126,1675539534,15.5,1014.9,1014.9,1019.2,71,0.0,0.0,0.0,0.0,8.437269,8.870698,0,205,205,1.0,3.2,159,5.3,1.6,413,1.84,49598,1673712116.0,32.0,0,0.0,0.0,15.5,15.5,15.5,10.3,12.5,14.2,3.0,1.22485,falling
127,1675539234,15.6,1014.9,1014.9,1019.2,72,0.0,0.0,0.0,0.0,8.437269,8.870698,0,205,205,1.0,3.2,173,5.0,1.2,265,1.18,31796,1673712116.0,32.0,0,0.0,0.0,15.6,15.6,15.6,10.6,12.7,14.1,2.9,1.22442,falling
128,1675538872,15.5,1015.0,1015.0,1019.3,72,0.0,0.0,0.0,0.0,8.437269,8.870698,0,205,205,1.0,3.0,139,3.8,2.0,265,1.19,31887,1673712116.0,32.0,0,0.0,0.0,15.5,15.5,15.5,10.5,12.6,14.0,2.9,1.22497,falling
129,1675538572,15.6,1015.1,1015.1,1019.4,72,0.0,0.0,0.0,0.0,8.437269,8.870698,0,205,205,1.0,3.2,163,4.6,1.9,300,1.33,35926,1673712116.0,32.0,0,0.0,0.0,15.6,15.6,15.6,10.6,12.7,14.2,2.9,1.22466,steady
130,1675538272,15.4,1015.2,1015.2,1019.5,72,0.0,0.0,0.0,0.0,8.437269,8.870698,0,205,205,1.0,2.5,167,5.2,0.7,396,1.77,47587,1673712116.0,32.0,0,0.0,0.0,15.4,15.4,15.4,10.4,12.5,14.3,2.9,1.22563,falling
131,1675537913,15.3,1015.3,1015.3,1019.6,72,0.0,0.0,0.0,0.0,8.437269,8.870698,0,205,205,1.0,4.1,129,5.8,2.7,345,1.54,41421,1673712116.0,32.0,0,0.0,0.0,15.3,15.3,15.3,10.3,12.5,13.9,2.8,1.22618,steady
132,1675537493,15.3,1015.4,1015.4,1019.7,71,0.0,0.0,0.0,0.0,8.437269,8.870698,0,205,205,1.0,2.8,149,3.9,1.8,401,1.79,48192,1673712116.0,32.0,0,0.0,0.0,15.3,15.3,15.3,10.1,12.3,14.1,3.0,1.2263,steady
133,1675537073,15.2,1015.4,1015.4,1019.7,71,0.0,0.0,0.0,0.0,8.437269,8.870698,0,205,205,1.0,2.8,165,4.8,1.5,464,2.08,55760,1673712116.0,32.0,0,0.0,0.0,15.2,15.2,15.2,10.0,12.2,14.1,3.0,1.22673,steady
134,1675536773,15.2,1015.5,1015.5,1019.8,73,0.0,0.0,0.0,0.0,8.437269,8.870698,0,205,205,1.0,2.7,160,4.5,1.8,478,2.14,57435,1673712116.0,32.0,0,0.0,0.0,15.2,15.2,15.2,10.4,12.5,14.4,2.7,1.22685,steady
135,1675536414,15.1,1015.7,1015.7,1020.0,73,0.0,0.0,0.0,0.0,8.437269,8.870698,0,205,205,1.0,2.1,188,3.8,0.8,460,2.05,55133,1673712116.0,32.0,0,0.0,0.0,15.1,15.1,15.1,10.3,12.4,14.4,2.7,1.22751,steady
136,1675536114,15.1,1015.6,1015.6,1019.9,72,0.0,0.0,0.0,0.0,8.437269,8.870698,0,205,205,1.0,3.1,138,5.0,1.6,432,1.93,51901,1673712116.0,32.0,0,0.0,0.0,15.1,15.1,15.1,10.1,12.3,14.0,2.8,1.22739,steady
137,1675535814,15.0,1015.8,1015.8,1020.1,73,0.0,0.0,0.0,0.0,8.437269,8.870698,0,205,205,1.0,2.9,172,4.5,1.5,360,1.61,43209,1673712116.0,32.0,0,0.0,0.0,15.0,15.0,15.0,10.2,12.3,13.9,2.7,1.22806,steady
138,1675535454,14.9,1015.9,1015.9,1020.2,73,0.0,0.0,0.0,0.0,8.437269,8.870698,0,205,205,1.0,3.9,163,5.7,2.5,443,1.98,53198,1673712116.0,32.0,0,0.0,0.0,14.9,14.9,14.9,10.1,12.2,13.8,2.7,1.22861,steady
139,1675535095,14.7,1015.9,1015.9,1020.2,75,0.0,0.0,0.0,0.0,8.437269,8.870698,0,205,205,1.0,2.5,163,4.0,1.4,424,1.89,50816,1673712116.0,32.0,0,0.0,0.0,14.7,14.7,14.7,10.3,12.2,13.9,2.5,1.22946,steady
140,1675534493,14.6,1015.9,1015.9,1020.2,75,0.0,0.0,0.0,0.0,8.437269,8.870698,0,205,205,1.0,3.4,165,5.4,1.8,404,1.81,48529,1673712116.0,32.0,0,0.0,0.0,14.6,14.6,14.6,10.2,12.1,13.6,2.5,1.22989,steady
141,1675533953,14.1,1016.0,1016.0,1020.3,78,0.0,0.0,0.0,0.0,8.437269,8.870698,0,205,205,1.0,3.0,154,3.5,1.3,360,1.61,43233,1673712116.0,32.0,0,0.0,0.0,14.1,14.1,14.1,10.3,12.0,13.4,2.1,1.23215,steady
142,1675533534,13.6,1016.0,1016.0,1020.3,81,0.0,0.0,0.0,0.0,8.437269,8.870698,0,205,205,1.0,3.3,157,4.3,2.1,352,1.57,42270,1673712116.0,32.0,0,0.0,0.0,13.6,13.6,13.6,10.4,11.8,13.0,1.8,1.2343,steady
143,1675533234,13.2,1016.0,1016.0,1020.3,82,0.0,0.0,0.0,0.0,8.437269,8.870698,0,205,205,1.0,2.9,153,3.9,1.0,333,1.49,39997,1673712116.0,32.0,0,0.0,0.0,13.2,13.2,13.2,10.2,11.5,12.7,1.7,1.23602,steady
144,1675532874,12.9,1016.0,1016.0,1020.3,82,0.0,0.0,0.0,0.0,8.437269,8.870698,0,205,205,1.0,3.0,149,3.7,2.1,272,1.21,32660,1673712116.0,32.0,0,0.0,0.0,12.9,12.9,12.9,9.9,11.2,12.3,1.7,1.23732,steady
145,1675532574,12.7,1016.0,1016.0,1020.3,83,0.0,0.0,0.0,0.0,8.437269,8.870698,0,205,205,1.0,2.3,153,3.6,1.6,236,1.05,28289,1673712116.0,32.0,0,0.0,0.0,12.7,12.7,12.7,9.9,11.1,12.2,1.6,1.23819,steady
146,1675532274,12.6,1016.0,1016.0,1020.3,83,0.0,0.0,0.0,0.0,8.437269,8.870698,0,205,205,1.0,2.0,131,2.8,1.3,254,1.13,30428,1673712116.0,32.0,0,0.0,0.0,12.6,12.6,12.6,9.8,11.0,12.2,1.6,1.23862,steady
147,1675531915,12.2,1016.0,1016.0,1020.3,84,0.0,0.0,0.0,0.0,8.437269,8.870698,0,205,205,1.0,2.0,158,2.8,1.2,266,1.19,31987,1673712116.0,32.0,0,0.0,0.0,12.2,12.2,12.2,9.6,10.7,11.9,1.5,1.24036,steady
148,1675531615,11.9,1016.0,1016.0,1020.3,85,0.0,0.0,0.0,0.0,8.437269,8.870698,0,205,205,1.0,1.9,152,2.5,0.6,243,1.09,29190,1673712116.0,32.0,0,0.0,0.0,11.9,11.9,11.9,9.5,10.6,11.7,1.3,1.24166,steady
149,1675531315,11.5,1016.1,1016.1,1020.4,87,0.0,0.0,0.0,0.0,8.437269,8.870698,0,205,205,1.0,2.0,155,3.6,1.2,231,1.03,27650,1673712116.0,32.0,0,0.0,0.0,11.5,11.5,11.5,9.4,10.4,11.3,1.1,1.24353,steady
150,1675530835,11.1,1016.2,1016.2,1020.5,88,0.0,0.0,0.0,0.0,8.437269,8.870698,0,205,205,1.0,2.0,152,2.5,1.4,169,0.75,20239,1673712116.0,32.0,0,0.0,0.0,11.1,11.1,11.1,9.2,10.1,10.9,1.0,1.2454,steady
151,1675530356,11.0,1016.2,1016.2,1020.5,89,0.0,0.0,0.0,0.0,8.437269,8.870698,0,205,205,1.0,1.8,150,2.6,1.1,151,0.67,18197,1673712116.0,32.0,0,0.0,0.0,11.0,11.0,11.0,9.3,10.1,10.8,0.9,1.24584,steady
152,1675529996,11.0,1016.2,1016.2,1020.5,88,0.0,0.0,0.0,0.0,8.437269,8.870698,0,205,205,1.0,2.8,156,3.7,2.0,146,0.65,17556,1673712116.0,32.0,0,0.0,0.0,11.0,11.0,11.0,9.1,10.0,10.6,1.0,1.24584,steady
153,1675529636,10.8,1016.3,1016.3,1020.6,90,0.0,0.0,0.0,0.0,8.437269,8.870698,0,205,205,1.0,1.1,169,2.4,0.1,133,0.59,15924,1673712116.0,32.0,0,0.0,0.0,10.8,10.8,10.8,9.2,9.9,10.7,0.9,1.24684,steady
154,1675529336,10.6,1016.2,1016.2,1020.5,92,0.0,0.0,0.0,0.0,8.437269,8.870698,0,205,205,1.0,0.9,174,1.4,0.1,140,0.62,16725,1673712116.0,32.0,0,0.0,0.0,10.6,10.6,10.6,9.4,9.9,10.7,0.7,1.2476,steady
155,1675529036,10.4,1016.2,1016.2,1020.5,93,0.0,0.0,0.0,0.0,8.437269,8.870698,0,205,205,1.0,1.4,162,2.2,0.8,128,0.57,15374,1673712116.0,32.0,0,0.0,0.0,10.4,10.4,10.4,9.3,9.8,10.4,0.6,1.24848,steady
156,1675528555,10.2,1016.2,1016.2,1020.5,96,0.0,0.0,0.0,0.0,8.437269,8.870698,0,205,205,1.0,1.5,133,2.5,1.0,108,0.48,12985,1673712116.0,32.0,0,0.0,0.0,10.2,10.2,10.2,9.6,9.9,10.3,0.3,1.24936,steady
157,1675528015,10.0,1016.2,1016.2,1020.5,98,0.0,0.0,0.0,0.0,8.437269,8.870698,0,205,205,1.0,0.0,168,0.3,0.0,43,0.19,5179,1673712116.0,32.0,0,0.0,0.0,10.0,10.0,10.0,9.7,9.8,10.1,0.2,1.25024,steady
158,1675527355,9.7,1016.2,1016.2,1020.5,99,0.0,0.0,0.0,0.0,8.437269,8.870698,0,205,205,1.0,1.8,176,2.8,1.1,57,0.26,6899,1673712116.0,32.0,0,0.0,0.0,9.0,9.7,9.0,9.6,9.6,9.8,0.1,1.25156,steady
159,1675526756,9.5,1016.2,1016.2,1020.5,99,0.0,0.0,0.0,0.0,8.437269,8.870698,0,205,205,1.0,0.5,129,1.1,0.0,72,0.32,8614,1673712116.0,32.0,0,0.0,0.0,9.5,9.5,9.5,9.4,9.4,9.9,0.1,1.25245,steady
160,1675526336,9.4,1016.2,1016.2,1020.5,99,0.0,0.0,0.0,0.0,8.437269,8.870698,0,205,205,1.0,0.3,128,0.8,0.0,93,0.41,11113,1673712116.0,32.0,0,0.0,0.0,9.4,9.4,9.4,9.3,9.3,9.9,0.1,1.25289,steady
161,1675526036,9.3,1016.2,1016.2,1020.5,99,0.0,0.0,0.0,0.0,8.437269,8.870698,0,205,205,1.0,1.4,123,2.1,0.2,81,0.36,9810,1673712116.0,32.0,0,0.0,0.0,9.0,9.3,9.0,9.2,9.2,9.5,0.1,1.25334,steady
162,1675525736,9.2,1016.2,1016.2,1020.5,99,0.0,0.0,0.0,0.0,8.437269,8.870698,0,205,205,1.0,1.0,120,1.5,0.6,26,0.11,3069,1673712116.0,32.0,0,0.0,0.0,9.2,9.2,9.2,9.1,9.1,9.2,0.1,1.25378,steady
163,1675525377,9.2,1016.4,1016.4,1020.7,99,0.0,0.0,0.0,0.0,8.437269,8.870698,0,205,205,1.0,1.6,123,2.4,0.7,29,0.13,3454,1673712116.0,32.0,0,0.0,0.0,8.6,9.2,8.6,9.1,9.1,9.2,0.1,1.25403,steady
164,1675525077,9.3,1016.5,1016.5,1020.8,99,0.0,0.0,0.0,0.0,8.437269,8.870698,0,205,205,1.0,0.7,117,1.2,0.0,33,0.15,3961,1673712116.0,32.0,0,0.0,0.0,9.3,9.3,9.3,9.2,9.2,9.4,0.1,1.25371,steady
165,1675524717,9.3,1016.5,1016.5,1020.8,99,0.0,0.0,0.0,0.0,8.437269,8.870698,0,205,205,1.0,0.8,139,1.4,0.3,27,0.12,3183,1673712116.0,32.0,0,0.0,0.0,9.3,9.3,9.3,9.2,9.2,9.4,0.1,1.25371,steady
166,1675524417,9.3,1016.5,1016.5,1020.8,99,0.0,0.0,0.0,0.0,8.437269,8.870698,0,205,205,1.0,0.4,99,0.7,0.0,17,0.07,2048,1673712116.0,32.0,0,0.0,0.0,9.3,9.3,9.3,9.2,9.2,9.3,0.1,1.25371,steady
167,1675524057,9.3,1016.6,1016.6,1020.9,99,0.0,0.0,0.0,0.0,8.437269,8.870698,0,205,205,1.0,0.4,98,0.7,0.0,9,0.04,1063,1673712116.0,32.0,0,0.0,0.0,9.3,9.3,9.3,9.2,9.2,9.3,0.1,1.25383,steady
168,1675523578,9.3,1016.5,1016.5,1020.8,99,0.0,0.0,0.0,0.0,8.437269,8.870698,0,205,205,1.0,0.2,78,0.6,0.0,4,0.02,531,1673712116.0,32.0,0,0.0,0.0,9.3,9.3,9.3,9.2,9.2,9.3,0.1,1.25371,steady
169,1675523098,9.3,1016.6,1016.6,1020.9,99,0.0,0.0,0.0,0.0,8.437269,8.870698,0,205,205,1.0,0.3,222,0.6,0.0,2,0.0,184,1673712116.0,32.0,0,0.0,0.0,9.3,9.3,9.3,9.2,9.2,9.2,0.1,1.25383,steady
170,1675522678,9.3,1016.5,1016.5,1020.8,99,0.0,0.0,0.0,0.0,8.437269,8.870698,0,205,205,1.0,0.2,97,0.7,0.0,1,0.0,65,1673712116.0,32.0,0,0.0,0.0,9.3,9.3,9.3,9.2,9.2,9.2,0.1,1.25371,steady
171,1675522438,9.3,1016.6,1016.6,1020.9,99,0.0,0.0,0.0,0.0,8.437269,8.870698,0,205,205,1.0,0.0,97,0.2,0.0,0,0.0,27,1673712116.0,32.0,0,0.0,0.0,9.3,9.3,9.3,9.2,9.2,13.4,0.1,1.25383,steady
172,1675522019,9.2,1016.6,1016.6,1020.9,99,0.0,0.0,0.0,0.0,8.437269,8.870698,0,205,205,1.0,0.4,291,0.7,0.0,0,0.0,6,1673712116.0,32.0,0,0.0,0.0,9.2,9.2,9.2,9.1,9.1,13.3,0.1,1.25427,steady
173,1675521719,9.2,1016.5,1016.5,1020.8,99,0.0,0.0,0.0,0.0,8.437269,8.870698,0,205,205,1.0,0.5,241,0.9,0.0,0,0.0,2,1673712116.0,32.0,0,0.0,0.0,9.2,9.2,9.2,9.1,9.1,13.3,0.1,1.25415,steady
174,1675521419,9.2,1016.6,1016.6,1020.9,99,0.0,0.0,0.0,0.0,8.437269,8.870698,0,205,205,1.0,0.2,220,0.8,0.0,0,0.0,1,1673712116.0,32.0,0,0.0,0.0,9.2,9.2,9.2,9.1,9.1,13.3,0.1,1.25427,steady
175,1675521059,9.2,1016.5,1016.5,1020.8,99,0.0,0.0,0.0,0.0,8.437269,8.870698,0,205,205,1.0,0.7,130,0.9,0.4,0,0.0,1,1673712116.0,32.0,0,0.0,0.0,9.2,9.2,9.2,9.1,9.1,13.3,0.1,1.25415,steady
176,1675520757,9.2,1016.5,1016.5,1020.8,99,0.0,0.0,0.0,0.0,8.437269,8.870698,0,205,205,1.0,0.0,0,0.0,0.0,0,0.0,1,1673712116.0,32.0,0,0.0,0.0,9.2,9.2,9.2,9.1,9.1,13.3,0.1,1.25415,steady
177,1675520457,9.2,1016.5,1016.5,1020.8,99,0.0,0.0,0.0,0.0,8.437269,8.870698,0,205,205,1.0,0.1,99,0.5,0.0,0,0.0,1,1673712116.0,32.0,0,0.0,0.0,9.2,9.2,9.2,9.1,9.1,13.3,0.1,1.25415,falling
178,1675519978,9.3,1016.5,1016.5,1020.8,99,0.0,0.0,0.0,0.0,8.437269,8.870698,0,205,205,1.0,0.1,144,0.3,0.0,0,0.0,0,1673712116.0,32.0,0,0.0,0.0,9.3,9.3,9.3,9.2,9.2,13.4,0.1,1.25371,falling
179,1675519498,9.3,1016.4,1016.4,1020.7,99,0.0,0.0,0.0,0.0,8.437269,8.870698,0,205,205,1.0,0.1,347,0.3,0.0,0,0.0,0,1673712116.0,32.0,0,0.0,0.0,9.3,9.3,9.3,9.2,9.2,13.4,0.1,1.25358,falling
180,1675519138,9.4,1016.4,1016.4,1020.7,99,0.0,0.0,0.0,0.0,8.437269,8.870698,0,205,205,1.0,0.2,62,0.6,0.0,0,0.0,0,1673712116.0,32.0,0,0.0,0.0,9.4,9.4,9.4,9.3,9.3,13.5,0.1,1.25314,steady
181,1675518778,9.4,1016.6,1016.6,1020.9,99,0.0,0.0,0.0,0.0,8.437269,8.870698,0,205,205,1.0,0.5,149,0.8,0.1,0,0.0,1,1673712116.0,32.0,0,0.0,0.0,9.4,9.4,9.4,9.3,9.3,13.5,0.1,1.25339,steady
182,1675518479,9.4,1016.5,1016.5,1020.8,99,0.0,0.0,0.0,0.0,8.437269,8.870698,0,205,205,1.0,0.3,73,1.0,0.0,0,0.0,0,1673712116.0,32.0,0,0.0,0.0,9.4,9.4,9.4,9.3,9.3,13.5,0.1,1.25326,steady
183,1675518179,9.4,1016.6,1016.6,1020.9,99,0.0,0.0,0.0,0.0,8.437269,8.870698,0,205,205,1.0,0.0,0,0.0,0.0,0,0.0,1,1673712116.0,32.0,0,0.0,0.0,9.4,9.4,9.4,9.3,9.3,13.5,0.1,1.25339,falling
184,1675517819,9.5,1016.6,1016.6,1020.9,99,0.0,0.0,0.0,0.0,8.437269,8.870698,0,205,205,1.0,0.9,134,1.4,0.6,0,0.0,1,1673712116.0,32.0,0,0.0,0.0,9.5,9.5,9.5,9.4,9.4,13.5,0.1,1.25294,falling
185,1675517519,9.6,1016.6,1016.6,1020.9,99,0.0,0.0,0.0,0.0,8.437269,8.870698,0,205,205,1.0,0.3,116,1.0,0.0,0,0.0,1,1673712116.0,32.0,0,0.0,0.0,9.6,9.6,9.6,9.5,9.5,13.6,0.1,1.2525,steady
186,1675517219,9.6,1016.6,1016.6,1020.9,99,0.0,0.0,0.0,0.0,8.437269,8.870698,0,205,205,1.0,0.0,0,0.0,0.0,0,0.0,1,1673712116.0,32.0,0,0.0,0.0,9.6,9.6,9.6,9.5,9.5,13.6,0.1,1.2525,falling
187,1675516740,9.7,1016.7,1016.7,1021.0,99,0.0,0.0,0.0,0.0,8.437269,8.870698,0,205,205,1.0,0.6,181,1.3,0.0,0,0.0,1,1673712116.0,32.0,0,0.0,0.0,9.7,9.7,9.7,9.6,9.6,13.7,0.1,1.25218,falling
188,1675516200,9.7,1016.7,1016.7,1021.0,99,0.0,0.0,0.0,0.0,8.437269,8.870698,0,205,205,1.0,0.2,94,0.9,0.0,0,0.0,1,1673712116.0,32.0,0,0.0,0.0,9.7,9.7,9.7,9.6,9.6,13.7,0.1,1.25218,falling
189,1675515720,9.7,1016.8,1016.8,1021.1,99,0.0,0.0,0.0,0.0,8.437269,8.870698,0,205,205,1.0,0.8,135,1.4,0.5,0,0.0,1,1673712116.0,32.0,0,0.0,0.0,9.7,9.7,9.7,9.6,9.6,13.7,0.1,1.2523,falling
190,1675515181,9.7,1016.8,1016.8,1021.1,99,0.0,0.0,0.0,0.0,8.437269,8.870698,0,205,205,1.0,0.3,151,0.8,0.0,0,0.0,1,1673712116.0,32.0,0,0.0,0.0,9.7,9.7,9.7,9.6,9.6,13.7,0.1,1.2523,falling
191,1675514581,9.7,1016.9,1016.9,1021.2,99,0.0,0.0,0.0,0.0,8.437269,8.870698,0,205,205,1.0,0.6,188,1.0,0.1,0,0.0,1,1673712116.0,32.0,0,0.0,0.0,9.7,9.7,9.7,9.6,9.6,13.7,0.1,1.25243,falling
192,1675513802,9.7,1017.0,1017.0,1021.3,99,0.0,0.0,0.0,0.0,8.437269,8.870698,0,205,205,1.0,0.2,199,0.6,0.0,0,0.0,1,1673712116.0,32.0,0,0.0,0.0,9.7,9.7,9.7,9.6,9.6,13.7,0.1,1.25255,steady
193,1675513020,9.7,1017.0,1017.0,1021.3,99,0.0,0.0,0.0,0.0,8.437269,8.870698,0,205,205,1.0,0.6,151,1.1,0.0,0,0.0,1,1673712116.0,32.0,0,0.0,0.0,9.7,9.7,9.7,9.6,9.6,13.7,0.1,1.25255,steady
194,1675512420,9.7,1017.1,1017.1,1021.4,99,0.0,0.0,0.0,0.0,8.437269,8.870698,0,205,205,1.0,0.8,145,1.2,0.5,0,0.0,1,1673712116.0,32.0,0,0.0,0.0,9.7,9.7,9.7,9.6,9.6,13.7,0.1,1.25267,steady
195,1675511941,9.7,1017.0,1017.0,1021.3,99,0.0,0.0,0.0,0.0,8.437269,8.870698,0,205,205,1.0,0.4,135,0.8,0.0,0,0.0,1,1673712116.0,32.0,0,0.0,0.0,9.7,9.7,9.7,9.6,9.6,13.7,0.1,1.25255,steady
196,1675511581,9.8,1017.1,1017.1,1021.4,99,0.0,0.0,0.0,0.0,8.437269,8.870698,0,205,205,1.0,1.4,122,2.2,0.9,0,0.0,1,1673712116.0,32.0,0,0.0,0.0,9.5,9.8,9.5,9.7,9.7,13.8,0.1,1.25223,steady
197,1675511281,9.8,1017.2,1017.2,1021.5,99,0.0,0.0,0.0,0.0,8.437269,8.870698,0,205,205,1.0,1.2,124,1.8,0.6,0,0.0,1,1673712116.0,32.0,0,0.0,0.0,9.8,9.8,9.8,9.7,9.7,13.8,0.1,1.25235,steady
198,1675510981,9.8,1017.2,1017.2,1021.5,100,0.0,0.0,0.0,0.0,8.437269,8.870698,0,205,205,1.0,1.9,131,2.2,1.4,0,0.0,1,1673712116.0,32.0,0,0.0,0.0,9.0,9.8,9.0,9.8,9.9,13.9,-0.1,1.25235,steady
199,1675510622,9.9,1017.3,1017.3,1021.6,100,0.0,0.0,0.0,0.0,8.437269,8.870698,0,205,205,1.0,0.8,187,1.6,0.0,0,0.0,1,1673712116.0,32.0,0,0.0,0.0,9.9,9.9,9.9,9.9,10.0,14.0,-0.1,1.25203,steady
200,1675510322,9.9,1017.3,1017.3,1021.6,99,0.0,0.0,0.0,0.0,8.437269,8.870698,0,205,205,1.0,1.0,147,1.7,0.5,0,0.0,1,1673712116.0,32.0,0,0.0,0.0,9.9,9.9,9.9,9.7,9.8,13.9,0.1,1.25203,steady
201,1675510022,9.9,1017.4,1017.4,1021.7,99,0.0,0.0,0.0,0.0,8.437269,8.870698,0,205,205,1.0,1.0,140,1.8,0.6,0,0.0,1,1673712116.0,32.0,0,0.0,0.0,9.9,9.9,9.9,9.7,9.8,13.9,0.1,1.25216,steady
202,1675509662,9.9,1017.4,1017.4,1021.7,99,0.0,0.0,0.0,0.0,8.437269,8.870698,0,205,205,1.0,0.4,117,0.8,0.0,0,0.0,1,1673712116.0,32.0,0,0.0,0.0,9.9,9.9,9.9,9.7,9.8,13.9,0.1,1.25216,steady
203,1675509362,10.0,1017.5,1017.5,1021.8,99,0.0,0.0,0.0,0.0,8.437269,8.870698,0,205,205,1.0,1.4,166,2.3,0.8,0,0.0,1,1673712116.0,32.0,0,0.0,0.0,9.8,10.0,9.8,9.8,9.9,13.9,0.1,1.25184,steady
204,1675508883,10.0,1017.6,1017.6,1021.9,99,0.0,0.0,0.0,0.0,8.437269,8.870698,0,205,205,1.0,1.0,177,1.6,0.7,0,0.0,1,1673712116.0,32.0,0,0.0,0.0,10.0,10.0,10.0,9.8,9.9,13.9,0.1,1.25196,falling
205,1675508461,10.0,1017.4,1017.4,1021.7,99,0.0,0.0,0.0,0.0,8.437269,8.870698,0,205,205,1.0,1.1,125,1.4,0.0,0,0.0,1,1673712116.0,32.0,0,0.0,0.0,10.0,10.0,10.0,9.8,9.9,13.9,0.1,1.25172,steady
206,1675508101,10.0,1017.4,1017.4,1021.7,99,0.0,0.0,0.0,0.0,8.437269,8.870698,0,205,205,1.0,1.2,126,2.0,0.9,0,0.0,1,1673712116.0,32.0,0,0.0,0.0,10.0,10.0,10.0,9.8,9.9,13.9,0.1,1.25172,steady
207,1675507801,10.0,1017.5,1017.5,1021.8,99,0.0,0.0,0.0,0.0,8.437269,8.870698,0,205,205,1.0,0.7,105,1.1,0.1,0,0.0,1,1673712116.0,32.0,0,0.0,0.0,10.0,10.0,10.0,9.8,9.9,13.9,0.1,1.25184,steady
208,1675507502,9.9,1017.7,1017.7,1022.0,99,0.0,0.0,0.0,0.0,8.437269,8.870698,0,205,205,1.0,0.8,161,1.0,0.5,0,0.0,1,1673712116.0,32.0,0,0.0,0.0,9.9,9.9,9.9,9.7,9.8,13.9,0.1,1.25253,steady
209,1675507142,9.9,1017.6,1017.6,1021.9,99,0.0,0.0,0.0,0.0,8.437269,8.870698,0,205,205,1.0,0.5,129,0.9,0.0,0,0.0,1,1673712116.0,32.0,0,0.0,0.0,9.9,9.9,9.9,9.7,9.8,13.9,0.1,1.2524,steady
210,1675506842,9.9,1017.6,1017.6,1021.9,99,0.0,0.0,0.0,0.0,8.437269,8.870698,0,205,205,1.0,0.6,163,1.1,0.1,0,0.0,1,1673712116.0,32.0,0,0.0,0.0,9.9,9.9,9.9,9.7,9.8,13.9,0.1,1.2524,steady
211,1675506542,9.9,1017.6,1017.6,1021.9,99,0.0,0.0,0.0,0.0,8.437269,8.870698,0,205,205,1.0,0.6,151,1.0,0.0,0,0.0,1,1673712116.0,32.0,0,0.0,0.0,9.9,9.9,9.9,9.7,9.8,13.9,0.1,1.2524,steady
212,1675506123,9.8,1017.8,1017.8,1022.1,99,0.0,0.0,0.0,0.0,8.437269,8.870698,0,205,205,1.0,0.5,165,0.8,0.1,0,0.0,1,1673712116.0,32.0,0,0.0,0.0,9.8,9.8,9.8,9.7,9.7,13.8,0.1,1.25309,steady
213,1675505583,9.8,1017.8,1017.8,1022.1,99,0.0,0.0,0.0,0.0,8.437269,8.870698,0,205,205,1.0,0.0,216,0.3,0.0,0,0.0,1,1673712116.0,32.0,0,0.0,0.0,9.8,9.8,9.8,9.7,9.7,13.8,0.1,1.25309,steady
214,1675505103,9.8,1017.8,1017.8,1022.1,100,0.0,0.0,0.0,0.0,8.437269,8.870698,0,205,205,1.0,1.2,125,1.9,0.7,0,0.0,1,1673712116.0,32.0,0,0.0,0.0,9.8,9.8,9.8,9.8,9.9,13.9,-0.1,1.25309,steady
215,1675504684,9.8,1017.9,1017.9,1022.2,99,0.0,0.0,0.0,0.0,8.437269,8.870698,0,205,205,1.0,0.4,176,0.8,0.0,0,0.0,1,1673712116.0,32.0,0,0.0,0.0,9.8,9.8,9.8,9.7,9.7,13.8,0.1,1.25322,steady
216,1675504384,9.7,1018.0,1018.0,1022.3,99,0.0,0.0,0.0,0.0,8.437269,8.870698,0,205,205,1.0,0.5,134,0.9,0.0,0,0.0,1,1673712116.0,32.0,0,0.0,0.0,9.7,9.7,9.7,9.6,9.6,13.7,0.1,1.25378,steady
217,1675504024,9.7,1018.0,1018.0,1022.3,99,0.0,0.0,0.0,0.0,8.437269,8.870698,0,205,205,1.0,0.8,125,1.3,0.2,0,0.0,1,1673712116.0,32.0,0,0.0,0.0,9.7,9.7,9.7,9.6,9.6,13.7,0.1,1.25378,steady
218,1675503724,9.7,1018.0,1018.0,1022.3,99,0.0,0.0,0.0,0.0,8.437269,8.870698,0,205,205,1.0,0.8,107,1.1,0.2,0,0.0,1,1673712116.0,32.0,0,0.0,0.0,9.7,9.7,9.7,9.6,9.6,13.7,0.1,1.25378,steady
219,1675503365,9.8,1017.9,1017.9,1022.2,99,0.0,0.0,0.0,0.0,8.437269,8.870698,0,205,205,1.0,0.9,114,2.0,0.3,0,0.0,1,1673712116.0,32.0,0,0.0,0.0,9.8,9.8,9.8,9.7,9.7,13.8,0.1,1.25322,steady
220,1675503065,9.8,1018.0,1018.0,1022.3,99,0.0,0.0,0.0,0.0,8.437269,8.870698,0,205,205,1.0,1.1,88,1.5,0.7,0,0.0,1,1673712116.0,32.0,0,0.0,0.0,9.8,9.8,9.8,9.7,9.7,13.8,0.1,1.25334,steady
221,1675502765,9.9,1017.9,1017.9,1022.2,100,0.0,0.0,0.0,0.0,8.437269,8.870698,0,205,205,1.0,1.5,84,2.0,1.0,0,0.0,1,1673712116.0,32.0,0,0.0,0.0,9.5,9.9,9.5,9.9,10.0,14.0,-0.1,1.25277,steady
222,1675502403,9.9,1018.0,1018.0,1022.3,100,0.0,0.0,0.0,0.0,8.437269,8.870698,0,205,205,1.0,0.1,137,0.6,0.0,0,0.0,1,1673712116.0,32.0,0,0.0,0.0,9.9,9.9,9.9,9.9,10.0,14.0,-0.1,1.2529,steady
223,1675501984,10.0,1018.0,1018.0,1022.3,99,0.0,0.0,0.0,0.0,8.437269,8.870698,0,205,205,1.0,0.2,60,0.7,0.0,0,0.0,1,1673712116.0,32.0,0,0.0,0.0,10.0,10.0,10.0,9.8,9.9,13.9,0.1,1.25245,steady
224,1675501504,10.2,1018.0,1018.0,1022.3,99,0.0,0.0,0.0,0.0,8.437269,8.870698,0,205,205,1.0,0.1,209,0.5,0.0,0,0.0,1,1673712116.0,32.0,0,0.0,0.0,10.2,10.2,10.2,10.0,10.1,14.1,0.1,1.25157,steady
225,1675501084,10.3,1017.9,1017.9,1022.2,98,0.0,0.0,0.0,0.0,8.437269,8.870698,0,205,205,1.0,0.0,237,0.0,0.0,0,0.0,1,1673712116.0,32.0,0,0.0,0.0,10.3,10.3,10.3,10.0,10.1,14.1,0.2,1.251,steady
226,1675500785,10.4,1017.9,1017.9,1022.2,99,0.0,0.0,0.0,0.0,8.437269,8.870698,0,205,205,1.0,0.0,139,0.0,0.0,0,0.0,1,1673712116.0,32.0,0,0.0,0.0,10.4,10.4,10.4,10.2,10.3,14.3,0.1,1.25056,steady
227,1675500425,10.4,1018.0,1018.0,1022.3,99,0.0,0.0,0.0,0.0,8.437269,8.870698,0,205,205,1.0,0.6,156,0.9,0.1,0,0.0,1,1673712116.0,32.0,0,0.0,0.0,10.4,10.4,10.4,10.2,10.3,14.3,0.1,1.25069,steady
228,1675500125,10.4,1018.1,1018.1,1022.4,99,0.0,0.0,0.0,0.0,8.437269,8.870698,0,205,205,1.0,0.4,220,0.8,0.0,0,0.0,1,1673712116.0,32.0,0,0.0,0.0,10.4,10.4,10.4,10.2,10.3,14.3,0.1,1.25081,steady
229,1675499765,10.3,1018.1,1018.1,1022.4,99,0.0,0.0,0.0,0.0,8.437269,8.870698,0,205,205,1.0,1.1,253,1.5,0.8,0,0.0,1,1673712116.0,32.0,0,0.0,0.0,10.3,10.3,10.3,10.1,10.2,14.2,0.1,1.25125,steady
230,1675499406,10.2,1018.2,1018.2,1022.5,100,0.0,0.0,0.0,0.0,8.437269,8.870698,0,205,205,1.0,0.7,247,1.0,0.1,0,0.0,1,1673712116.0,32.0,0,0.0,0.0,10.2,10.2,10.2,10.2,10.2,14.2,0.0,1.25182,steady
231,1675498986,10.2,1018.2,1018.2,1022.5,99,0.0,0.0,0.0,0.0,8.437269,8.870698,0,205,205,1.0,0.2,124,0.8,0.0,0,0.0,1,1673712116.0,32.0,0,0.0,0.0,10.2,10.2,10.2,10.0,10.1,14.1,0.1,1.25182,steady
232,1675498324,10.3,1018.3,1018.3,1022.6,99,0.0,0.0,0.0,0.0,8.437269,8.870698,0,205,205,1.0,0.2,238,0.8,0.0,0,0.0,1,1673712116.0,32.0,0,0.0,0.0,10.3,10.3,10.3,10.1,10.2,14.2,0.1,1.2515,steady
233,1675497845,10.3,1018.3,1018.3,1022.6,100,0.0,0.0,0.0,0.0,0.0,0.0,0,205,205,0.0,0.1,231,0.6,0.0,0,0.0,1,1673712116.0,32.0,0,0.0,0.0,10.3,10.3,10.3,10.3,10.4,14.3,-0.1,1.2515,steady
234,1675497425,10.2,1018.3,1018.3,1022.6,100,0.0,0.0,8.437269,8.870698,0.0,0.0,205,0,0,0.0,0.8,260,1.0,0.5,0,0.0,1,1673712116.0,32.0,0,0.0,0.0,10.2,10.2,10.2,10.2,10.2,14.2,0.0,1.25194,steady
235,1675497125,10.1,1018.4,1018.4,1022.7,100,0.0,0.0,8.437269,8.870698,0.0,0.0,205,0,0,0.0,0.2,255,0.6,0.0,0,0.0,1,1673712116.0,32.0,0,0.0,0.0,10.1,10.1,10.1,10.1,10.1,14.1,0.0,1.2525,steady
236,1675496825,10.1,1018.3,1018.3,1022.6,100,0.0,0.0,8.437269,8.870698,0.0,0.0,205,0,0,0.0,0.0,0,0.0,0.0,0,0.0,1,1673712116.0,32.0,0,0.0,0.0,10.1,10.1,10.1,10.1,10.1,14.1,0.0,1.25238,steady
237,1675496465,10.1,1018.3,1018.3,1022.6,100,0.0,0.0,8.437269,8.870698,0.0,0.0,205,0,0,0.0,0.0,0,0.0,0.0,0,0.0,1,1673712116.0,32.0,0,0.0,0.0,10.1,10.1,10.1,10.1,10.1,14.1,0.0,1.25238,steady
238,1675496166,10.1,1018.3,1018.3,1022.6,100,0.0,0.0,8.437269,8.870698,0.0,0.0,205,0,0,0.0,0.1,222,0.4,0.0,0,0.0,1,1673712116.0,32.0,0,0.0,0.0,10.1,10.1,10.1,10.1,10.1,14.1,0.0,1.25238,steady
239,1675495866,10.1,1018.3,1018.3,1022.6,100,0.0,0.0,8.437269,8.870698,0.0,0.0,205,0,0,0.0,0.2,81,0.7,0.0,0,0.0,1,1673712116.0,32.0,0,0.0,0.0,10.1,10.1,10.1,10.1,10.1,14.1,0.0,1.25238,steady
240,1675495506,10.1,1018.3,1018.3,1022.6,100,0.0,0.0,8.437269,8.870698,0.0,0.0,205,0,0,0.0,0.5,231,0.9,0.0,0,0.0,1,1673712116.0,32.0,0,0.0,0.0,10.1,10.1,10.1,10.1,10.1,14.1,0.0,1.25238,steady
241,1675495206,10.1,1018.3,1018.3,1022.6,100,0.0,0.0,8.437269,8.870698,0.0,0.0,205,0,0,0.0,0.3,176,0.8,0.0,0,0.0,1,1673712116.0,32.0,0,0.0,0.0,10.1,10.1,10.1,10.1,10.1,14.1,0.0,1.25238,steady
242,1675494787,10.1,1018.5,1018.5,1022.8,100,0.0,0.0,8.437269,8.870698,0.0,0.0,205,0,0,0.0,0.0,0,0.0,0.0,0,0.0,1,1673712116.0,32.0,0,0.0,0.0,10.1,10.1,10.1,10.1,10.1,14.1,0.0,1.25263,steady
243,1675494307,10.1,1018.5,1018.5,1022.8,100,0.0,0.0,8.437269,8.870698,0.0,0.0,205,0,0,0.0,0.5,238,0.9,0.0,0,0.0,1,1673712116.0,32.0,0,0.0,0.0,10.1,10.1,10.1,10.1,10.1,14.1,0.0,1.25263,steady
244,1675493947,10.1,1018.4,1018.4,1022.7,100,0.0,0.0,8.437269,8.870698,0.0,0.0,205,0,0,0.0,0.0,236,0.1,0.0,0,0.0,1,1673712116.0,32.0,0,0.0,0.0,10.1,10.1,10.1,10.1,10.1,14.1,0.0,1.2525,steady
245,1675493588,10.1,1018.4,1018.4,1022.7,99,0.0,0.0,8.437269,8.870698,0.0,0.0,205,0,0,0.0,0.1,170,0.5,0.0,0,0.0,1,1673712116.0,32.0,0,0.0,0.0,10.1,10.1,10.1,9.9,10.0,14.0,0.1,1.2525,steady
246,1675493285,10.0,1018.4,1018.4,1022.7,99,0.0,0.0,8.437269,8.870698,0.0,0.0,205,0,0,0.0,0.2,87,0.8,0.0,0,0.0,1,1673712116.0,32.0,0,0.0,0.0,10.0,10.0,10.0,9.8,9.9,13.9,0.1,1.25295,steady
247,1675492927,9.9,1018.4,1018.4,1022.7,100,0.0,0.0,8.437269,8.870698,0.0,0.0,205,0,0,0.0,0.2,69,0.8,0.0,0,0.0,1,1673712116.0,32.0,0,0.0,0.0,9.9,9.9,9.9,9.9,10.0,14.0,-0.1,1.25339,steady
248,1675492627,9.9,1018.4,1018.4,1022.7,99,0.0,0.0,8.437269,8.870698,0.0,0.0,205,0,0,0.0,0.0,0,0.0,0.0,0,0.0,1,1673712116.0,32.0,0,0.0,0.0,9.9,9.9,9.9,9.7,9.8,13.9,0.1,1.25339,steady
249,1675492267,10.0,1018.5,1018.5,1022.8,99,0.0,0.0,8.437269,8.870698,0.0,0.0,205,0,0,0.0,0.1,126,0.6,0.0,0,0.0,1,1673712116.0,32.0,0,0.0,0.0,10.0,10.0,10.0,9.8,9.9,13.9,0.1,1.25307,steady
250,1675491788,10.1,1018.6,1018.6,1022.9,99,0.0,0.0,8.437269,8.870698,0.0,0.0,205,0,0,0.0,0.1,114,0.6,0.0,0,0.0,1,1673712116.0,32.0,0,0.0,0.0,10.1,10.1,10.1,9.9,10.0,14.0,0.1,1.25275,steady
251,1675491188,10.3,1018.6,1018.6,1022.9,98,0.0,0.0,8.437269,8.870698,0.0,0.0,205,0,0,0.0,0.0,0,0.0,0.0,0,0.0,1,1673712116.0,32.0,0,0.0,0.0,10.3,10.3,10.3,10.0,10.1,14.1,0.2,1.25187,steady
252,1675490648,10.4,1018.7,1018.7,1023.0,98,0.0,0.0,8.437269,8.870698,0.0,0.0,205,0,0,0.0,0.2,125,0.7,0.0,0,0.0,1,1673712116.0,32.0,0,0.0,0.0,10.4,10.4,10.4,10.1,10.2,14.2,0.2,1.25155,steady
253,1675490288,10.5,1018.7,1018.7,1023.0,97,0.0,0.0,8.437269,8.870698,0.0,0.0,205,0,0,0.0,0.0,48,0.1,0.0,0,0.0,1,1673712116.0,32.0,0,0.0,0.0,10.5,10.5,10.5,10.0,10.2,14.2,0.3,1.25111,steady
254,1675489929,10.6,1018.7,1018.7,1023.0,97,0.0,0.0,8.437269,8.870698,0.0,0.0,205,0,0,0.0,0.0,0,0.0,0.0,0,0.0,1,1673712116.0,32.0,0,0.0,0.0,10.6,10.6,10.6,10.1,10.3,14.3,0.3,1.25066,steady
255,1675489627,10.6,1018.8,1018.8,1023.1,97,0.0,0.0,8.437269,8.870698,0.0,0.0,205,0,0,0.0,0.4,299,0.8,0.0,0,0.0,1,1673712116.0,32.0,0,0.0,0.0,10.6,10.6,10.6,10.1,10.3,14.3,0.3,1.25079,steady
256,1675489327,10.6,1018.7,1018.7,1023.0,97,0.0,0.0,8.437269,8.870698,0.0,0.0,205,0,0,0.0,0.1,64,0.5,0.0,0,0.0,1,1673712116.0,32.0,0,0.0,0.0,10.6,10.6,10.6,10.1,10.3,14.3,0.3,1.25066,steady
257,1675488967,10.6,1018.6,1018.6,1022.9,97,0.0,0.0,8.437269,8.870698,0.0,0.0,205,0,0,0.0,0.2,94,0.6,0.0,0,0.0,1,1673712116.0,32.0,0,0.0,0.0,10.6,10.6,10.6,10.1,10.3,14.3,0.3,1.25054,steady
258,1675488667,10.7,1018.6,1018.6,1022.9,97,0.0,0.0,8.437269,8.870698,0.0,0.0,205,0,0,0.0,0.8,305,1.0,0.2,0,0.0,1,1673712116.0,32.0,0,0.0,0.0,10.7,10.7,10.7,10.2,10.4,14.4,0.3,1.2501,steady
259,1675488308,10.7,1018.5,1018.5,1022.8,97,0.0,0.0,8.437269,8.870698,0.0,0.0,205,0,0,0.0,0.0,0,0.0,0.0,0,0.0,1,1673712116.0,32.0,0,0.0,0.0,10.7,10.7,10.7,10.2,10.4,14.4,0.3,1.24998,steady
260,1675487948,10.7,1018.6,1018.6,1022.9,97,0.0,0.0,8.437269,8.870698,0.0,0.0,205,0,0,0.0,0.0,0,0.0,0.0,0,0.0,1,1673712116.0,32.0,0,0.0,0.0,10.7,10.7,10.7,10.2,10.4,14.4,0.3,1.2501,steady
261,1675487468,10.8,1018.5,1018.5,1022.8,96,0.0,0.0,8.437269,8.870698,0.0,0.0,205,0,0,0.0,0.0,0,0.0,0.0,0,0.0,1,1673712116.0,32.0,0,0.0,0.0,10.8,10.8,10.8,10.2,10.5,14.4,0.3,1.24954,steady
262,1675487048,10.9,1018.5,1018.5,1022.8,96,0.0,0.0,8.437269,8.870698,0.0,0.0,205,0,0,0.0,0.0,55,0.1,0.0,0,0.0,1,1673712116.0,32.0,0,0.0,0.0,10.9,10.9,10.9,10.3,10.6,14.5,0.3,1.2491,steady
263,1675486629,10.9,1018.6,1018.6,1022.9,96,0.0,0.0,8.437269,8.870698,0.0,0.0,205,0,0,0.0,0.0,0,0.0,0.0,0,0.0,1,1673712116.0,32.0,0,0.0,0.0,10.9,10.9,10.9,10.3,10.6,14.5,0.3,1.24922,steady
264,1675486329,10.9,1018.5,1018.5,1022.8,96,0.0,0.0,8.437269,8.870698,0.0,0.0,205,0,0,0.0,0.0,0,0.0,0.0,0,0.0,1,1673712116.0,32.0,0,0.0,0.0,10.9,10.9,10.9,10.3,10.6,14.5,0.3,1.2491,steady
265,1675485969,10.9,1018.5,1018.5,1022.8,96,0.0,0.0,8.437269,8.870698,0.0,0.0,205,0,0,0.0,0.4,281,0.8,0.0,0,0.0,1,1673712116.0,32.0,0,0.0,0.0,10.9,10.9,10.9,10.3,10.6,14.5,0.3,1.2491,steady
266,1675485669,11.0,1018.5,1018.5,1022.8,96,0.0,0.0,8.437269,8.870698,0.0,0.0,205,0,0,0.0,0.1,288,0.7,0.0,0,0.0,1,1673712116.0,32.0,0,0.0,0.0,11.0,11.0,11.0,10.4,10.6,14.5,0.4,1.24866,steady
267,1675485310,11.0,1018.5,1018.5,1022.8,95,0.0,0.0,8.437269,8.870698,0.0,0.0,205,0,0,0.0,0.0,0,0.0,0.0,0,0.0,1,1673712116.0,32.0,0,0.0,0.0,11.0,11.0,11.0,10.2,10.6,14.5,0.4,1.24866,steady
268,1675484890,11.1,1018.4,1018.4,1022.7,95,0.0,0.0,8.437269,8.870698,0.0,0.0,205,0,0,0.0,0.7,299,0.9,0.4,0,0.0,1,1673712116.0,32.0,0,0.0,0.0,11.1,11.1,11.1,10.3,10.7,14.6,0.4,1.2481,steady
269,1675484350,11.1,1018.5,1018.5,1022.8,95,0.0,0.0,8.437269,8.870698,0.0,0.0,205,0,0,0.0,0.6,273,0.9,0.1,0,0.0,1,1673712116.0,32.0,0,0.0,0.0,11.1,11.1,11.1,10.3,10.7,14.6,0.4,1.24822,steady
270,1675483811,11.0,1018.5,1018.5,1022.8,95,0.0,0.0,8.437269,8.870698,0.0,0.0,205,0,0,0.0,0.0,269,0.5,0.0,0,0.0,1,1673712116.0,32.0,0,0.0,0.0,11.0,11.0,11.0,10.2,10.6,14.5,0.4,1.24866,steady
271,1675483329,10.9,1018.3,1018.3,1022.6,95,0.0,0.0,8.437269,8.870698,0.0,0.0,205,0,0,0.0,0.0,0,0.0,0.0,0,0.0,1,1673712116.0,32.0,0,0.0,0.0,10.9,10.9,10.9,10.1,10.5,14.4,0.4,1.24885,steady
272,1675482969,10.9,1018.3,1018.3,1022.6,95,0.0,0.0,8.437269,8.870698,0.0,0.0,205,0,0,0.0,0.1,298,0.6,0.0,0,0.0,1,1673712116.0,32.0,0,0.0,0.0,10.9,10.9,10.9,10.1,10.5,14.4,0.4,1.24885,steady
273,1675482609,10.9,1018.4,1018.4,1022.7,95,0.0,0.0,8.437269,8.870698,0.0,0.0,205,0,0,0.0,0.2,307,0.7,0.0,0,0.0,1,1673712116.0,32.0,0,0.0,0.0,10.9,10.9,10.9,10.1,10.5,14.4,0.4,1.24898,steady
274,1675482309,10.9,1018.4,1018.4,1022.7,95,0.0,0.0,8.437269,8.870698,0.0,0.0,205,0,0,0.0,0.3,298,0.8,0.0,0,0.0,1,1673712116.0,32.0,0,0.0,0.0,10.9,10.9,10.9,10.1,10.5,14.4,0.4,1.24898,steady
275,1675482009,10.9,1018.4,1018.4,1022.7,95,0.0,0.0,8.437269,8.870698,0.0,0.0,205,0,0,0.0,0.5,265,0.8,0.0,0,0.0,1,1673712116.0,32.0,0,0.0,0.0,10.9,10.9,10.9,10.1,10.5,14.4,0.4,1.24898,steady
276,1675481650,10.9,1018.5,1018.5,1022.8,94,0.0,0.0,8.437269,8.870698,0.0,0.0,205,0,0,0.0,0.3,265,0.8,0.0,0,0.0,1,1673712116.0,32.0,0,0.0,0.0,10.9,10.9,10.9,10.0,10.4,14.4,0.5,1.2491,steady
277,1675481350,10.9,1018.5,1018.5,1022.8,94,0.0,0.0,8.437269,8.870698,0.0,0.0,205,0,0,0.0,0.3,240,0.7,0.0,0,0.0,1,1673712116.0,32.0,0,0.0,0.0,10.9,10.9,10.9,10.0,10.4,14.4,0.5,1.2491,steady
278,1675480930,10.9,1018.5,1018.5,1022.8,94,0.0,0.0,8.437269,8.870698,0.0,0.0,205,0,0,0.0,0.2,281,0.7,0.0,0,0.0,1,1673712116.0,32.0,0,0.0,0.0,10.9,10.9,10.9,10.0,10.4,14.4,0.5,1.2491,steady
279,1675480331,11.0,1018.6,1018.6,1022.9,94,0.0,0.0,8.437269,8.870698,0.0,0.0,205,0,0,0.0,0.6,257,1.0,0.1,0,0.0,1,1673712116.0,32.0,0,0.0,0.0,11.0,11.0,11.0,10.1,10.5,14.5,0.5,1.24878,steady
280,1675479851,11.0,1018.6,1018.6,1022.9,94,0.0,0.0,8.437269,8.870698,0.0,0.0,205,0,0,0.0,0.9,296,1.3,0.1,0,0.0,1,1673712116.0,32.0,0,0.0,0.0,11.0,11.0,11.0,10.1,10.5,14.5,0.5,1.24878,steady
281,1675479431,11.1,1018.6,1018.6,1022.9,94,0.0,0.0,8.437269,8.870698,0.0,0.0,205,0,0,0.0,0.4,8,0.8,0.0,0,0.0,1,1673712116.0,32.0,0,0.0,0.0,11.1,11.1,11.1,10.2,10.6,14.5,0.5,1.24834,steady
282,1675479131,11.1,1018.8,1018.8,1023.1,94,0.0,0.0,8.437269,8.870698,0.0,0.0,205,0,0,0.0,0.3,307,0.7,0.0,0,0.0,1,1673712116.0,32.0,0,0.0,0.0,11.1,11.1,11.1,10.2,10.6,14.5,0.5,1.24859,steady
283,1675478652,11.0,1018.9,1018.9,1023.2,94,0.0,0.0,8.437269,8.870698,0.0,0.0,205,0,0,0.0,0.6,296,1.0,0.0,0,0.0,1,1673712116.0,32.0,0,0.0,0.0,11.0,11.0,11.0,10.1,10.5,14.5,0.5,1.24915,steady
284,1675477812,11.0,1018.8,1018.8,1023.1,93,0.0,0.0,8.437269,8.870698,0.0,0.0,205,0,0,0.0,0.3,329,0.9,0.0,0,0.0,1,1673712116.0,32.0,0,0.0,0.0,11.0,11.0,11.0,9.9,10.5,14.5,0.5,1.24903,steady
285,1675476791,11.3,1018.6,1018.6,1022.9,92,0.0,0.0,8.437269,8.870698,0.0,0.0,205,0,0,0.0,0.8,322,1.1,0.2,0,0.0,1,1673712116.0,32.0,0,0.0,0.0,11.3,11.3,11.3,10.0,10.6,14.6,0.7,1.24746,steady
286,1675475112,11.6,1018.8,1018.8,1023.1,91,0.0,0.0,8.437269,8.870698,0.0,0.0,205,0,0,0.0,0.8,308,1.1,0.3,1,0.0,76,1673712116.0,32.0,0,0.0,0.0,11.6,11.6,11.6,10.2,10.8,11.0,0.8,1.24639,steady
287,1675472954,12.2,1018.6,1018.6,1022.9,87,0.0,0.0,8.437269,8.870698,0.0,0.0,205,0,0,0.0,1.1,276,1.5,0.8,22,0.1,2607,1673712116.0,32.0,0,0.0,0.0,12.2,12.2,12.2,10.1,11.0,11.4,1.2,1.24353,steady
288,1675471332,12.5,1018.7,1018.7,1023.0,83,0.0,0.0,8.437269,8.870698,0.0,0.0,205,0,0,0.0,1.7,298,2.2,1.0,57,0.25,6766,1673712116.0,32.0,0,0.0,0.0,12.5,12.5,12.5,9.7,11.0,11.6,1.5,1.24235,steady
289,1675470133,12.8,1018.9,1018.9,1023.2,82,0.0,0.0,8.437269,8.870698,0.0,0.0,205,0,0,0.0,0.7,314,1.8,0.0,117,0.52,13984,1673712116.0,32.0,0,0.0,0.0,12.8,12.8,12.8,9.8,11.1,12.2,1.7,1.24129,steady
290,1675468694,12.7,1018.8,1018.8,1023.1,84,0.0,0.0,8.437269,8.870698,0.0,0.0,205,0,0,0.0,0.3,27,0.8,0.0,144,0.64,17288,1673712116.0,32.0,0,0.0,0.0,12.7,12.7,12.7,10.1,11.2,12.6,1.5,1.2416,steady
291,1675468394,12.6,1018.8,1018.8,1023.1,83,0.0,0.0,8.437269,8.870698,0.0,0.0,205,0,0,0.0,0.5,332,1.2,0.0,155,0.69,18622,1673712116.0,32.0,0,0.0,0.0,12.6,12.6,12.6,9.8,11.0,12.4,1.6,1.24203,steady
292,1675468095,12.5,1018.7,1018.7,1023.0,83,0.0,0.0,8.437269,8.870698,0.0,0.0,205,0,0,0.0,0.9,305,1.8,0.1,144,0.64,17345,1673712116.0,32.0,0,0.0,0.0,12.5,12.5,12.5,9.7,11.0,12.1,1.5,1.24235,steady
293,1675467735,12.5,1018.7,1018.7,1023.0,82,0.0,0.0,8.437269,8.870698,0.0,0.0,205,0,0,0.0,1.2,40,1.7,0.5,138,0.61,16540,1673712116.0,32.0,0,0.0,0.0,12.5,12.5,12.5,9.5,10.8,11.8,1.7,1.24235,steady
294,1675467435,12.5,1018.7,1018.7,1023.0,81,0.0,0.0,8.437269,8.870698,0.0,0.0,205,0,0,0.0,1.1,30,1.7,0.1,139,0.62,16653,1673712116.0,32.0,0,0.0,0.0,12.5,12.5,12.5,9.3,10.8,11.8,1.7,1.24235,steady
295,1675467075,12.5,1018.8,1018.8,1023.1,81,0.0,0.0,8.437269,8.870698,0.0,0.0,205,0,0,0.0,0.3,31,0.8,0.0,125,0.56,15007,1673712116.0,32.0,0,0.0,0.0,12.5,12.5,12.5,9.3,10.8,12.1,1.7,1.24247,steady
296,1675466775,12.5,1018.8,1018.8,1023.1,80,0.0,0.0,8.437269,8.870698,0.0,0.0,205,0,0,0.0,1.0,28,1.4,0.5,119,0.53,14319,1673712116.0,32.0,0,0.0,0.0,12.5,12.5,12.5,9.1,10.7,11.7,1.8,1.24247,steady
297,1675466354,12.5,1018.7,1018.7,1023.0,78,0.0,0.0,8.437269,8.870698,0.0,0.0,205,0,0,0.0,1.7,27,2.4,0.6,138,0.61,16547,1673712116.0,32.0,0,0.0,0.0,12.5,12.5,12.5,8.8,10.5,11.5,2.0,1.24235,steady
298,1675465814,12.5,1018.8,1018.8,1023.1,79,0.0,0.0,8.437269,8.870698,0.0,0.0,205,0,0,0.0,1.1,37,1.9,0.6,141,0.63,16924,1673712116.0,32.0,0,0.0,0.0,12.5,12.5,12.5,9.0,10.6,11.7,1.9,1.24247,steady
299,1675465394,12.4,1018.8,1018.8,1023.1,80,0.0,0.0,8.437269,8.870698,0.0,0.0,205,0,0,0.0,0.3,43,0.8,0.0,122,0.54,14661,1673712116.0,32.0,0,0.0,0.0,12.4,12.4,12.4,9.0,10.6,11.9,1.8,1.2429,steady
300,1675465035,12.4,1018.7,1018.7,1023.0,80,0.0,0.0,8.437269,8.870698,0.0,0.0,205,0,0,0.0,0.9,26,1.4,0.1,120,0.54,14406,1673712116.0,32.0,0,0.0,0.0,12.4,12.4,12.4,9.0,10.6,11.7,1.8,1.24278,steady
301,1675464675,12.5,1018.7,1018.7,1023.0,80,0.0,0.0,8.437269,8.870698,0.0,0.0,205,0,0,0.0,0.0,322,0.6,0.0,119,0.53,14320,1673712116.0,32.0,0,0.0,0.0,12.5,12.5,12.5,9.1,10.7,12.0,1.8,1.24235,steady
302,1675464375,12.3,1018.7,1018.7,1023.0,79,0.0,0.0,8.437269,8.870698,0.0,0.0,205,0,0,0.0,0.6,29,1.4,0.0,118,0.53,14254,1673712116.0,32.0,0,0.0,0.0,12.3,12.3,12.3,8.8,10.4,11.6,1.9,1.24322,falling
303,1675464075,12.3,1018.7,1018.7,1023.0,79,0.0,0.0,8.437269,8.870698,0.0,0.0,205,0,0,0.0,1.3,31,2.0,0.7,119,0.53,14302,1673712116.0,32.0,0,0.0,0.0,12.3,12.3,12.3,8.8,10.4,11.4,1.9,1.24322,falling
304,1675463715,12.2,1018.7,1018.7,1023.0,80,0.0,0.0,8.437269,8.870698,0.0,0.0,205,0,0,0.0,1.0,359,1.6,0.1,141,0.62,16850,1673712116.0,32.0,0,0.0,0.0,12.2,12.2,12.2,8.9,10.4,11.5,1.8,1.24365,falling
305,1675463416,12.1,1018.8,1018.8,1023.1,80,0.0,0.0,8.437269,8.870698,0.0,0.0,205,0,0,0.0,1.3,29,1.8,0.4,122,0.54,14658,1673712116.0,32.0,0,0.0,0.0,12.1,12.1,12.1,8.8,10.3,11.3,1.8,1.24421,falling
306,1675463056,12.3,1018.7,1018.7,1023.0,80,0.0,0.0,8.437269,8.870698,0.0,0.0,205,0,0,0.0,1.6,35,2.3,0.5,176,0.78,21116,1673712116.0,32.0,0,0.0,0.0,12.3,12.3,12.3,8.9,10.5,11.6,1.8,1.24322,falling
307,1675462516,12.2,1018.7,1018.7,1023.0,82,0.0,0.0,8.437269,8.870698,0.0,0.0,205,0,0,0.0,1.7,28,2.9,0.4,174,0.77,20858,1673712116.0,32.0,0,0.0,0.0,12.2,12.2,12.2,9.2,10.6,11.6,1.6,1.24365,falling
308,1675462037,12.2,1018.8,1018.8,1023.1,83,0.0,0.0,8.437269,8.870698,0.0,0.0,205,0,0,0.0,1.7,29,2.8,0.7,149,0.66,17786,1673712116.0,32.0,0,0.0,0.0,12.2,12.2,12.2,9.4,10.7,11.6,1.5,1.24377,falling
309,1675461617,12.4,1018.8,1018.8,1023.1,84,0.0,0.0,8.437269,8.870698,0.0,0.0,205,0,0,0.0,2.0,24,2.7,1.3,124,0.55,14874,1673712116.0,32.0,0,0.0,0.0,12.4,12.4,12.4,9.8,10.9,11.7,1.5,1.2429,falling
310,1675461317,12.7,1018.7,1018.7,1023.0,83,0.0,0.0,8.437269,8.870698,0.0,0.0,205,0,0,0.0,2.1,28,3.3,1.3,118,0.53,14266,1673712116.0,32.0,0,0.0,0.0,12.7,12.7,12.7,9.9,11.1,11.9,1.6,1.24148,falling
311,1675460955,13.0,1018.7,1018.7,1023.0,81,0.0,0.0,8.437269,8.870698,0.0,0.0,205,0,0,0.0,0.0,30,0.1,0.0,121,0.54,14551,1673712116.0,32.0,0,0.0,0.0,13.0,13.0,13.0,9.8,11.2,12.5,1.8,1.24017,falling
312,1675460655,13.5,1018.6,1018.6,1022.9,80,0.0,0.0,8.437269,8.870698,0.0,0.0,205,0,0,0.0,0.7,34,1.2,0.1,206,0.92,24674,1673712116.0,32.0,0,0.0,0.0,13.5,13.5,13.5,10.1,11.6,13.2,1.9,1.23789,falling
313,1675460296,14.1,1018.6,1018.6,1022.9,74,0.0,0.0,8.437269,8.870698,0.0,0.0,205,0,0,0.0,0.3,26,0.9,0.0,267,1.19,32072,1673712116.0,32.0,0,0.0,0.0,14.1,14.1,14.1,9.5,11.6,14.0,2.5,1.2353,falling
314,1675459996,13.9,1018.6,1018.6,1022.9,74,0.0,0.0,8.437269,8.870698,0.0,0.0,205,0,0,0.0,0.4,141,1.4,0.0,267,1.19,32099,1673712116.0,32.0,0,0.0,0.0,13.9,13.9,13.9,9.3,11.4,13.8,2.5,1.23617,falling
315,1675459696,13.6,1018.5,1018.5,1022.8,75,0.0,0.0,8.437269,8.870698,0.0,0.0,205,0,0,0.0,0.3,236,1.1,0.0,237,1.06,28414,1673712116.0,32.0,0,0.0,0.0,13.6,13.6,13.6,9.3,11.2,13.4,2.4,1.23734,falling
316,1675459336,13.4,1018.6,1018.6,1022.9,76,0.0,0.0,8.437269,8.870698,0.0,0.0,205,0,0,0.0,1.0,120,1.2,0.3,170,0.76,20347,1673712116.0,32.0,0,0.0,0.0,13.4,13.4,13.4,9.3,11.1,12.5,2.3,1.23832,falling
317,1675458977,13.5,1018.7,1018.7,1023.0,78,0.0,0.0,8.437269,8.870698,0.0,0.0,205,0,0,0.0,1.6,90,2.2,1.0,140,0.62,16762,1673712116.0,32.0,0,0.0,0.0,13.5,13.5,13.5,9.7,11.4,12.5,2.1,1.23801,falling
318,1675458497,13.6,1018.7,1018.7,1023.0,76,0.0,0.0,8.437269,8.870698,0.0,0.0,205,0,0,0.0,1.1,127,1.6,0.0,116,0.51,13848,1673712116.0,32.0,0,0.0,0.0,13.6,13.6,13.6,9.4,11.3,12.4,2.3,1.23758,falling
319,1675458077,13.4,1018.8,1018.8,1023.1,77,0.0,0.0,8.437269,8.870698,0.0,0.0,205,0,0,0.0,1.3,141,2.0,0.6,95,0.42,11313,1673712116.0,32.0,0,0.0,0.0,13.4,13.4,13.4,9.4,11.2,12.2,2.2,1.23857,falling
320,1675457718,13.4,1018.9,1018.9,1023.2,77,0.0,0.0,8.437269,8.870698,0.0,0.0,205,0,0,0.0,1.7,104,2.2,0.9,119,0.53,14321,1673712116.0,32.0,0,0.0,0.0,13.4,13.4,13.4,9.4,11.2,12.2,2.2,1.23869,falling
321,1675457418,13.4,1018.9,1018.9,1023.2,79,0.0,0.0,8.437269,8.870698,0.0,0.0,205,0,0,0.0,0.9,139,1.4,0.5,192,0.86,22986,1673712116.0,32.0,0,0.0,0.0,13.4,13.4,13.4,9.8,11.4,12.8,2.0,1.23869,falling
322,1675457058,13.3,1018.9,1018.9,1023.2,79,0.0,0.0,8.437269,8.870698,0.0,0.0,205,0,0,0.0,0.8,105,1.4,0.0,291,1.3,34923,1673712116.0,32.0,0,0.0,0.0,13.3,13.3,13.3,9.7,11.3,13.2,2.0,1.23912,falling
323,1675456758,13.2,1019.1,1019.1,1023.4,79,0.0,0.0,8.437269,8.870698,0.0,0.0,205,0,0,0.0,0.8,134,1.4,0.0,191,0.85,22933,1673712116.0,32.0,0,0.0,0.0,13.2,13.2,13.2,9.6,11.2,12.7,2.0,1.2398,falling
324,1675456458,13.1,1019.1,1019.1,1023.4,79,0.0,0.0,8.437269,8.870698,0.0,0.0,205,0,0,0.0,1.2,199,2.0,0.1,264,1.18,31710,1673712116.0,32.0,0,0.0,0.0,13.1,13.1,13.1,9.5,11.1,12.7,2.0,1.24023,falling
325,1675456099,12.9,1019.2,1019.2,1023.5,80,0.0,0.0,8.437269,8.870698,0.0,0.0,205,0,0,0.0,1.8,121,3.2,1.0,298,1.33,35715,1673712116.0,32.0,0,0.0,0.0,12.9,12.9,12.9,9.5,11.0,12.4,1.9,1.24122,falling
326,1675455739,12.6,1019.2,1019.2,1023.5,81,0.0,0.0,8.437269,8.870698,0.0,0.0,205,0,0,0.0,1.3,133,1.9,0.5,613,2.74,73528,1673712116.0,32.0,0,0.0,0.0,12.6,12.6,12.6,9.4,10.8,13.4,1.8,1.24252,steady
327,1675455197,12.4,1019.4,1019.4,1023.7,84,0.0,0.0,8.437269,8.870698,0.0,0.0,205,0,0,0.0,2.0,131,2.6,1.5,260,1.16,31148,1673712116.0,32.0,0,0.0,0.0,12.4,12.4,12.4,9.8,11.0,12.1,1.4,1.24363,steady
328,1675454657,12.2,1019.4,1019.4,1023.7,85,0.0,0.0,8.437269,8.870698,0.0,0.0,205,0,0,0.0,1.9,137,2.4,1.4,225,1.0,27060,1673712116.0,32.0,0,0.0,0.0,12.2,12.2,12.2,9.8,10.9,11.9,1.3,1.24451,steady
329,1675454298,12.1,1019.6,1019.6,1023.9,85,0.0,0.0,8.437269,9.149964,0.0,0.0,205,0,0,0.0,1.6,154,2.1,0.7,189,0.84,22700,1673712116.0,32.0,0,0.0,0.0,12.1,12.1,12.1,9.7,10.8,11.8,1.3,1.24519,steady
330,1675453938,11.9,1019.6,1019.6,1023.9,86,0.0,0.0,8.437269,9.149964,0.0,0.0,205,0,0,0.0,1.4,163,1.9,0.8,178,0.79,21378,1673712116.0,32.0,0,0.0,0.0,11.9,11.9,11.9,9.6,10.7,11.6,1.2,1.24606,steady
331,1675453638,11.8,1019.8,1019.8,1024.1,86,0.0,0.0,8.437269,9.149964,0.0,0.0,205,0,0,0.0,1.6,179,2.3,1.0,169,0.75,20258,1673712116.0,32.0,0,0.0,0.0,11.8,11.8,11.8,9.5,10.6,11.5,1.2,1.24674,steady
332,1675453338,11.7,1019.9,1019.9,1024.2,86,0.0,0.0,8.437269,9.149964,0.0,0.0,205,0,0,0.0,2.1,150,2.9,1.3,173,0.77,20801,1673712116.0,32.0,0,0.0,0.0,11.7,11.7,11.7,9.4,10.5,11.3,1.2,1.2473,steady
333,1675453038,11.4,1019.9,1019.9,1024.2,88,0.0,0.061121,8.437269,9.149964,0.0,0.0,205,0,0,0.0,0.9,152,1.7,0.2,236,1.05,28370,1673712116.0,32.0,0,0.0,0.0,11.4,11.4,11.4,9.5,10.4,11.7,1.0,1.24862,steady
334,1675452679,11.0,1020.0,1020.0,1024.3,87,0.0,0.074082,8.437269,9.149964,0.0,0.0,205,0,0,0.0,1.3,153,1.8,0.6,317,1.42,38103,1673712116.0,32.0,0,0.0,0.0,11.0,11.0,11.0,8.9,9.9,11.3,1.1,1.2505,steady
335,1675452379,10.8,1020.1,1020.1,1024.4,87,0.0,0.087803,8.437269,9.149964,0.0,0.0,205,0,0,0.0,1.6,160,2.7,0.4,372,1.66,44678,1673712116.0,32.0,0,0.0,0.0,10.8,10.8,10.8,8.7,9.7,11.2,1.1,1.2515,steady
336,1675452019,10.4,1020.1,1020.1,1024.4,89,0.0,0.139425,8.437269,8.963815,0.0,0.0,205,0,0,0.0,1.3,157,2.1,0.3,260,1.16,31155,1673712116.0,32.0,0,0.0,0.0,10.4,10.4,10.4,8.7,9.5,10.7,0.9,1.25327,steady
337,1675451719,10.3,1020.2,1020.2,1024.5,89,0.0,0.139425,8.437269,8.963815,0.0,0.0,205,0,0,0.0,2.1,176,3.0,1.2,294,1.31,35214,1673712116.0,32.0,0,0.0,0.0,10.3,10.3,10.3,8.6,9.4,10.4,0.9,1.25383,steady
338,1675451240,10.0,1020.4,1020.4,1024.7,91,0.0,0.139425,8.437269,8.963815,0.0,0.0,205,0,0,0.0,1.4,169,2.3,0.9,141,0.63,17013,1673712116.0,32.0,0,0.0,0.0,9.8,10.0,9.8,8.6,9.3,10.0,0.7,1.25541,steady
339,1675450820,9.8,1020.4,1020.4,1024.7,92,0.0,0.139425,8.437269,9.150023,0.0,0.0,205,0,0,0.0,1.8,176,2.6,1.1,151,0.67,18107,1673712116.0,32.0,0,0.0,0.0,9.1,9.8,9.1,8.6,9.1,9.7,0.7,1.25629,steady
340,1675450460,9.7,1020.3,1020.3,1024.6,93,0.0,0.139425,8.437269,9.150023,0.0,0.0,205,0,0,0.0,3.2,168,4.7,0.9,169,0.76,20317,1673712116.0,32.0,0,0.0,0.0,8.0,9.7,8.0,8.6,9.1,9.6,0.6,1.25661,steady
341,1675450160,9.6,1020.2,1020.2,1024.5,95,0.0,0.139425,8.437269,8.837573,0.0,0.0,205,0,0,0.0,2.2,157,3.4,0.9,231,1.03,27712,1673712116.0,32.0,0,0.0,0.0,8.6,9.6,8.6,8.8,9.2,9.9,0.4,1.25694,steady
342,1675449861,9.4,1020.1,1020.1,1024.4,95,0.0,0.141066,8.437269,8.837573,0.0,0.0,205,0,0,0.0,2.5,154,3.5,0.9,251,1.12,30134,1673712116.0,32.0,0,0.0,0.0,8.1,9.4,8.1,8.6,8.0,9.0,1.4,1.2577,steady
343,1675449499,9.3,1020.1,1020.1,1024.4,95,0.000793,0.131944,8.436928,8.837232,0.0,0.0,203,0,0,0.0,2.5,163,3.7,1.8,306,1.37,36762,1673712116.0,32.0,0,0.0,0.0,8.0,9.3,8.0,8.5,8.9,9.7,0.4,1.25815,steady
344,1675449079,9.2,1020.1,1020.1,1024.4,95,0.007162,0.079948,8.38331,8.394914,0.0,0.0,194,0,0,0.0,2.1,142,2.9,1.3,177,0.79,21274,1673712116.0,32.0,0,0.0,0.0,8.2,9.2,8.2,8.4,8.9,9.5,0.3,1.25859,steady
345,1675448599,9.2,1020.2,1020.2,1024.5,95,0.0,0.101618,8.362525,8.374129,0.0,0.0,191,0,0,0.0,1.7,161,2.6,0.8,138,0.61,16518,1673712116.0,32.0,0,0.0,0.0,8.5,9.2,8.5,8.4,8.9,9.4,0.3,1.25872,rising
346,1675447940,9.3,1020.4,1020.4,1024.7,94,0.0,0.184451,8.297844,7.937067,0.0,0.0,186,0,0,0.0,1.0,143,1.6,0.4,88,0.39,10614,1673712116.0,32.0,0,0.0,0.0,9.3,9.3,9.3,8.4,8.8,9.3,0.5,1.25852,rising
347,1675447460,9.4,1020.4,1020.4,1024.7,91,0.0,0.244048,8.297844,7.937067,0.0,0.0,186,0,0,0.0,1.2,156,2.2,0.3,74,0.33,8939,1673712116.0,32.0,0,0.0,0.0,9.4,9.4,9.4,8.0,8.7,9.2,0.7,1.25807,rising
348,1675447040,9.3,1020.3,1020.3,1024.6,90,0.0,0.507155,8.297844,8.29981,0.0,0.0,186,0,0,0.0,1.5,151,2.5,0.6,89,0.4,10737,1673712116.0,32.0,0,0.0,0.0,8.8,9.3,8.8,7.7,8.5,9.0,0.8,1.25839,rising
349,1675446741,9.3,1020.3,1020.3,1024.6,91,0.0,0.511083,8.297844,8.29981,0.0,0.0,186,0,0,0.0,1.7,159,2.6,1.0,93,0.41,11089,1673712116.0,32.0,0,0.0,0.0,8.6,9.3,8.6,7.9,8.6,9.1,0.7,1.25839,rising
350,1675446381,9.3,1020.2,1020.2,1024.5,90,0.0,0.511083,8.297844,8.025696,0.0,0.0,186,0,0,0.0,1.5,153,2.1,1.0,69,0.31,8271,1673712116.0,32.0,0,0.0,0.0,8.8,9.3,8.8,7.7,8.5,9.0,0.8,1.25827,rising
351,1675446081,9.2,1020.2,1020.2,1024.5,91,0.002775,0.52293,8.297844,8.025696,0.0,0.0,184,0,0,0.0,0.9,161,1.7,0.3,59,0.26,7134,1673712116.0,32.0,0,0.0,0.0,9.2,9.2,9.2,7.8,8.5,9.0,0.7,1.25872,rising
352,1675445781,9.2,1020.2,1020.2,1024.5,92,0.0,0.515993,8.292556,8.020408,0.0,0.0,184,0,0,0.0,1.0,158,1.7,0.5,67,0.3,8015,1673712116.0,32.0,0,0.0,0.0,9.2,9.2,9.2,8.0,8.5,9.0,0.7,1.25872,rising
353,1675445482,9.2,1020.2,1020.2,1024.5,91,0.0,0.47556,8.292556,7.818196,0.0,0.0,181,0,0,0.0,2.1,136,2.8,1.5,75,0.33,8981,1673712116.0,32.0,0,0.0,0.0,8.2,9.2,8.2,7.8,8.5,8.9,0.7,1.25872,rising
354,1675445122,9.1,1020.2,1020.2,1024.5,92,0.011837,0.3506,8.283239,7.808879,0.0,0.0,177,0,0,0.0,1.2,138,1.6,0.8,96,0.43,11560,1673712116.0,32.0,0,0.0,0.0,9.1,9.1,9.1,7.9,8.5,9.0,0.6,1.25916,rising
355,1675444642,8.8,1020.2,1020.2,1024.5,93,0.012752,0.343767,8.132978,6.398725,0.0,0.0,167,0,0,0.0,1.7,128,2.6,0.9,79,0.35,9492,1673712116.0,32.0,0,0.0,0.0,8.1,8.8,8.1,7.7,8.2,8.6,0.6,1.2605,rising
356,1675444162,8.5,1020.3,1020.3,1024.6,97,0.000622,0.99403,8.113393,6.37914,0.0,0.0,164,0,0,0.0,0.9,127,1.5,0.6,109,0.48,13010,1673712116.0,32.0,0,0.0,0.0,8.5,8.5,8.5,8.1,8.3,8.8,0.2,1.26197,rising
357,1675443681,8.4,1020.3,1020.3,1024.6,96,0.023274,2.094415,8.07707,6.342817,0.0,0.0,154,0,0,0.0,1.0,119,1.5,0.7,80,0.36,9642,1673712116.0,32.0,0,0.0,0.0,8.4,8.4,8.4,7.8,8.1,8.5,0.3,1.26242,rising
358,1675443381,8.3,1020.3,1020.3,1024.6,96,0.023255,2.74303,7.894461,5.542518,0.0,0.0,150,0,0,0.0,0.9,140,1.5,0.6,76,0.34,9137,1673712116.0,32.0,0,0.0,0.0,8.3,8.3,8.3,7.7,8.0,8.4,0.3,1.26287,rising
359,1675443021,8.3,1020.3,1020.3,1024.6,96,0.002342,3.529536,7.790689,5.455521,0.0,0.0,147,0,0,0.0,0.7,131,0.9,0.4,45,0.2,5407,1673712116.0,32.0,0,0.0,0.0,8.3,8.3,8.3,7.7,8.0,8.3,0.3,1.26287,rising
360,1675442661,8.2,1020.2,1020.2,1024.5,96,0.010754,4.17865,7.78038,5.445212,0.0,0.0,143,0,0,0.0,0.8,88,2.3,0.0,47,0.21,5631,1673712116.0,32.0,0,0.0,0.0,8.2,8.2,8.2,7.6,7.9,8.2,0.3,1.26319,rising
361,1675442182,8.1,1020.1,1020.1,1024.4,96,0.0,4.893968,7.769626,5.434458,0.0,0.0,143,0,0,0.0,1.1,81,1.7,0.7,63,0.28,7526,1673712116.0,32.0,0,0.0,0.0,8.1,8.1,8.1,7.5,7.8,8.1,0.3,1.26352,rising
362,1675441522,8.1,1019.9,1019.9,1024.2,95,0.0,5.154829,7.769626,5.434458,0.0,0.0,143,0,0,0.0,1.8,70,2.6,1.1,41,0.18,4887,1673712116.0,32.0,0,0.0,0.0,7.2,8.1,7.2,7.3,7.7,7.9,0.4,1.26327,rising
363,1675440863,8.3,1019.9,1019.9,1024.2,96,0.005426,5.022576,7.769626,7.27914,0.0,0.0,140,0,0,0.0,1.9,90,3.0,0.9,43,0.19,5236,1673712116.0,32.0,0,0.0,0.0,7.3,8.3,7.3,7.7,8.0,8.2,0.3,1.26237,rising
364,1675440263,8.7,1019.9,1019.9,1024.2,95,0.134038,3.676713,6.945271,6.454785,0.0,0.0,130,0,0,0.0,0.5,112,1.4,0.0,11,0.05,1308,1673712116.0,32.0,0,0.0,0.0,8.7,8.7,8.7,7.9,8.3,8.5,0.4,1.26058,rising
365,1675439903,8.8,1019.7,1019.7,1024.0,92,0.071025,3.411094,6.320714,5.923749,0.0,0.0,120,0,0,0.0,1.9,105,2.6,1.2,5,0.02,663,1673712116.0,32.0,0,0.0,0.0,7.9,8.8,7.9,7.6,8.2,8.4,0.6,1.25988,rising
366,1675439603,8.7,1019.8,1019.8,1024.1,94,0.180809,2.008258,5.539404,5.142439,0.0,0.0,120,0,0,0.0,0.7,78,1.3,0.0,4,0.02,496,1673712116.0,32.0,0,0.0,0.0,8.7,8.7,8.7,7.8,8.2,8.4,0.5,1.26045,rising
367,1675439244,9.0,1019.8,1019.8,1024.1,93,0.192654,1.596951,4.619198,4.237429,0.0,0.0,111,0,0,0.0,1.5,57,2.5,0.3,3,0.01,333,1673712116.0,32.0,0,0.0,0.0,8.5,9.0,8.5,7.9,8.4,8.6,0.6,1.25911,rising
368,1675438944,9.5,1019.8,1019.8,1024.1,90,0.126308,1.081809,3.845918,3.464149,0.0,0.0,105,0,0,0.0,0.5,37,1.0,0.0,2,0.01,223,1673712116.0,32.0,0,0.0,0.0,9.5,9.5,9.5,7.9,8.7,9.0,0.8,1.25689,rising
369,1675438284,10.1,1019.5,1019.5,1023.8,85,0.054357,0.588394,2.930015,2.534703,0.0,0.0,95,0,0,0.0,0.5,164,1.3,0.1,1,0.0,152,1673712116.0,32.0,0,0.0,0.0,10.1,10.1,10.1,7.7,8.8,9.2,1.3,1.25386,rising
370,1675437924,10.1,1019.3,1019.3,1023.6,85,0.02153,0.494635,2.703165,2.307853,0.0,0.0,91,0,0,0.0,1.2,208,2.5,0.3,1,0.0,132,1673712116.0,32.0,0,0.0,0.0,10.1,10.1,10.1,7.7,8.8,9.2,1.3,1.25361,rising
371,1675437443,10.1,1019.0,1019.0,1023.3,85,0.0008,0.484668,2.608105,1.640755,0.0,0.0,85,0,0,0.0,1.2,232,1.6,0.2,1,0.0,100,1673712116.0,32.0,0,0.0,0.0,10.1,10.1,10.1,7.7,8.8,9.2,1.3,1.25324,rising
372,1675436903,10.2,1018.9,1018.9,1023.2,84,0.001945,0.47924,2.60483,1.63748,0.0,0.0,83,0,0,0.0,1.3,90,1.8,0.7,1,0.0,57,1673712116.0,32.0,0,0.0,0.0,10.2,10.2,10.2,7.6,8.9,9.3,1.3,1.25268,rising
373,1675436483,10.3,1018.8,1018.8,1023.1,83,0.022356,0.28358,2.585724,1.618374,0.0,0.0,73,0,0,0.0,1.0,194,1.7,0.0,0,0.0,23,1673712116.0,32.0,0,0.0,0.0,10.3,10.3,10.3,7.5,8.9,13.3,1.4,1.25211,rising
374,1675436124,10.4,1018.7,1018.7,1023.0,81,0.018205,0.175271,2.365697,0.884942,0.0,0.0,68,0,0,0.0,2.3,186,4.7,0.9,0,0.0,5,1673712116.0,32.0,0,0.0,0.0,10.4,10.4,10.4,7.3,8.8,13.2,1.6,1.25155,rising
375,1675435824,10.6,1018.6,1018.6,1022.9,79,0.002847,0.04314,2.290256,0.832687,0.0,0.0,63,0,0,0.0,2.4,175,5.0,0.5,0,0.0,3,1673712116.0,32.0,0,0.0,0.0,10.6,10.6,10.6,7.1,8.8,13.2,1.8,1.25054,rising
376,1675435464,10.9,1018.4,1018.4,1022.7,76,0.015931,0.084978,2.238875,0.781306,0.0,0.0,58,0,0,0.0,2.7,191,4.4,0.7,0,0.0,1,1673712116.0,32.0,0,0.0,0.0,10.9,10.9,10.9,6.8,8.8,13.3,2.1,1.24898,rising
377,1675435164,11.2,1018.3,1018.3,1022.6,71,0.00451,0.112086,2.131539,0.67397,0.0,0.0,54,0,0,0.0,2.4,176,3.8,0.7,0,0.0,1,1673712116.0,32.0,0,0.0,0.0,11.2,11.2,11.2,6.1,8.6,13.1,2.6,1.24754,rising
378,1675434864,11.2,1018.3,1018.3,1022.6,66,0.0,0.222216,2.120162,0.662593,0.0,0.0,54,0,0,0.0,3.6,175,5.3,2.0,0,0.0,1,1673712116.0,32.0,0,0.0,0.0,11.2,11.2,11.2,5.1,8.2,12.9,3.0,1.24754,rising
379,1675434505,11.3,1018.1,1018.1,1022.4,66,0.0,0.228075,2.120162,0.662593,0.0,0.0,54,0,0,0.0,1.5,182,2.7,0.2,0,0.0,1,1673712116.0,32.0,0,0.0,0.0,11.3,11.3,11.3,5.2,8.2,12.9,3.1,1.24685,rising
380,1675434145,11.3,1018.0,1018.0,1022.3,65,0.0,0.246939,2.120162,0.662593,0.0,0.0,54,0,0,0.0,1.8,186,4.0,0.9,0,0.0,1,1673712116.0,32.0,0,0.0,0.0,11.3,11.3,11.3,5.0,8.2,12.9,3.1,1.24673,rising
381,1675433665,11.4,1017.8,1017.8,1022.1,63,0.0,0.547998,2.120162,0.75537,0.0,0.0,54,0,0,0.0,3.2,169,4.1,2.0,0,0.0,1,1673712116.0,32.0,0,0.0,0.0,11.4,11.4,11.4,4.6,8.0,12.7,3.4,1.24605,rising
382,1675433186,11.5,1017.9,1017.9,1022.2,61,0.0,1.081236,2.120162,0.75537,0.0,0.0,54,0,0,0.0,2.0,171,3.5,0.5,0,0.0,1,1673712116.0,32.0,0,0.0,0.0,11.5,11.5,11.5,4.2,7.9,12.7,3.6,1.24573,steady
383,1675432766,11.6,1017.9,1017.9,1022.2,61,0.0,1.939353,2.120162,0.75537,0.0,0.0,54,0,0,0.0,2.2,182,4.0,0.7,0,0.0,1,1673712116.0,32.0,0,0.0,0.0,11.6,11.6,11.6,4.3,8.0,12.8,3.6,1.24529,rising
384,1675432466,11.7,1017.8,1017.8,1022.1,59,0.0,2.100022,2.120162,0.75537,0.0,0.0,54,0,0,0.0,2.4,178,3.9,1.1,0,0.0,1,1673712116.0,32.0,0,0.0,0.0,11.7,11.7,11.7,4.0,7.9,12.7,3.8,1.24473,rising
385,1675432164,11.8,1017.7,1017.7,1022.0,61,0.0,2.091748,2.120162,0.870032,0.0,0.0,54,0,0,0.0,1.9,174,3.3,0.9,0,0.0,1,1673712116.0,32.0,0,0.0,0.0,11.8,11.8,11.8,4.5,8.2,12.9,3.6,1.24417,rising
386,1675431804,12.1,1017.7,1017.7,1022.0,61,0.006841,2.021477,2.113882,0.863752,0.0,0.0,50,0,0,0.0,2.8,164,4.2,1.1,0,0.0,1,1673712116.0,32.0,0,0.0,0.0,12.1,12.1,12.1,4.8,8.5,13.2,3.6,1.24287,steady
387,1675431505,12.3,1017.7,1017.7,1022.0,60,0.00478,2.008076,2.044004,0.793874,0.0,0.0,40,0,0,0.0,3.5,177,5.8,1.7,0,0.0,1,1673712116.0,32.0,0,0.0,0.0,12.3,12.3,12.3,4.8,8.5,13.2,3.8,1.242,steady
388,1675431145,12.4,1017.7,1017.7,1022.0,60,0.017881,1.897946,1.929264,0.645604,0.0,0.0,40,0,0,0.0,1.8,178,2.7,0.4,0,0.0,1,1673712116.0,32.0,0,0.0,0.0,12.4,12.4,12.4,4.8,8.6,13.3,3.8,1.24156,rising
389,1675430785,12.3,1017.7,1017.7,1022.0,62,0.0,1.873223,1.892087,0.608427,0.0,0.0,34,0,0,0.0,1.1,178,2.8,0.0,0,0.0,1,1673712116.0,32.0,0,0.0,0.0,12.3,12.3,12.3,5.2,8.7,13.3,3.6,1.242,steady
390,1675430126,12.6,1017.9,1017.9,1022.2,62,0.00499,1.572164,1.837208,1.837208,0.0,0.0,24,0,0,0.0,1.1,199,2.3,0.3,0,0.0,1,1673712116.0,32.0,0,0.0,0.0,12.6,12.6,12.6,5.5,9.0,13.6,3.6,1.24094,steady
391,1675429466,13.6,1017.9,1017.9,1022.2,56,0.103372,0.46403,0.882799,0.882799,0.0,0.0,14,0,0,0.0,1.4,157,2.3,0.6,0,0.0,1,1673712116.0,32.0,0,0.0,0.0,13.6,13.6,13.6,5.0,9.3,13.9,4.3,1.23661,steady
392,1675428926,14.4,1017.9,1017.9,1022.2,48,0.037058,0.02014,0.180809,0.180809,0.0,0.0,4,0,0,0.0,1.2,216,2.6,0.2,0,0.0,1,1673712116.0,32.0,0,0.0,0.0,14.4,14.4,14.4,3.5,9.0,13.8,5.4,1.23317,steady
393,1675428207,14.6,1017.8,1017.8,1022.1,39,0.0,0.0,0.0,0.0,0.0,0.0,0,0,0,0.0,1.3,191,2.6,0.5,0,0.0,1,1673712116.0,32.0,0,0.0,0.0,14.6,14.6,14.6,0.8,8.2,13.2,6.4,1.23219,steady
394,1675427307,14.6,1017.1,1017.1,1021.4,38,0.0,0.0,0.0,0.0,0.0,0.0,0,0,0,0.0,1.0,174,2.0,0.1,0,0.0,1,1673712116.0,32.0,0,0.0,0.0,14.6,14.6,14.6,0.4,8.0,13.1,6.6,1.23134,steady
395,1675426526,14.8,1016.8,1016.8,1021.1,36,0.0,0.0,0.0,0.0,0.0,0.0,0,0,0,0.0,1.9,174,3.5,0.9,0,0.0,0,1673712116.0,32.0,0,0.0,0.0,14.8,14.8,14.8,-0.1,7.9,13.0,6.9,1.23012,steady
396,1675425926,14.9,1016.6,1016.6,1020.9,34,0.0,0.0,0.0,0.0,0.0,0.0,0,0,0,0.0,3.2,179,5.5,0.7,0,0.0,0,1673712116.0,32.0,0,0.0,0.0,14.9,14.9,14.9,-0.8,7.8,13.0,7.1,1.22945,steady
397,1675425447,14.9,1016.7,1016.7,1021.0,33,0.0,0.0,0.0,0.0,0.0,0.0,0,0,0,0.0,3.4,185,5.6,1.5,0,0.0,1,1673712116.0,32.0,0,0.0,0.0,14.9,14.9,14.9,-1.2,7.7,12.9,7.2,1.22958,steady
398,1675425147,14.9,1016.8,1016.8,1021.1,33,0.0,0.0,0.0,0.0,0.0,0.0,0,0,0,0.0,1.6,189,3.6,0.4,0,0.0,1,1673712116.0,32.0,0,0.0,0.0,14.9,14.9,14.9,-1.2,7.7,12.9,7.2,1.2297,steady
399,1675424787,14.9,1016.8,1016.8,1021.1,33,0.0,0.0,0.0,0.0,0.0,0.0,0,0,0,0.0,1.9,199,3.6,0.7,0,0.0,1,1673712116.0,32.0,0,0.0,0.0,14.9,14.9,14.9,-1.2,7.7,12.9,7.2,1.2297,steady
400,1675424487,14.9,1016.8,1016.8,1021.1,32,0.0,0.0,0.0,0.0,0.0,0.0,0,0,0,0.0,2.2,186,5.6,0.2,0,0.0,1,1673712116.0,32.0,0,0.0,0.0,14.9,14.9,14.9,-1.7,7.5,12.8,7.4,1.2297,steady
401,1675424187,14.9,1016.7,1016.7,1021.0,33,0.0,0.0,0.0,0.0,0.0,0.0,0,0,0,0.0,2.0,179,3.5,0.6,0,0.0,1,1673712116.0,32.0,0,0.0,0.0,14.9,14.9,14.9,-1.2,7.7,12.9,7.2,1.22958,steady
402,1675423828,14.8,1016.6,1016.6,1020.9,33,0.0,0.0,0.0,0.0,0.0,0.0,0,0,0,0.0,2.8,166,5.1,0.8,0,0.0,1,1673712116.0,32.0,0,0.0,0.0,14.8,14.8,14.8,-1.3,7.6,12.8,7.2,1.22988,falling
403,1675423528,14.8,1016.4,1016.4,1020.7,33,0.0,0.0,0.0,0.0,0.0,0.0,0,0,0,0.0,2.2,169,4.4,0.8,0,0.0,1,1673712116.0,32.0,0,0.0,0.0,14.8,14.8,14.8,-1.3,7.6,12.8,7.2,1.22964,steady
404,1675423228,14.8,1016.6,1016.6,1020.9,33,0.0,0.0,0.0,0.0,0.0,0.0,0,0,0,0.0,1.8,169,4.4,0.4,0,0.0,1,1673712116.0,32.0,0,0.0,0.0,14.8,14.8,14.8,-1.3,7.6,12.8,7.2,1.22988,steady
405,1675422748,14.8,1017.0,1017.0,1021.3,33,0.0,0.0,0.0,0.0,0.0,0.0,0,0,0,0.0,1.7,191,3.0,0.3,0,0.0,1,1673712116.0,32.0,0,0.0,0.0,14.8,14.8,14.8,-1.3,7.6,12.8,7.2,1.23037,falling
406,1675422269,14.8,1016.6,1016.6,1020.9,33,0.0,0.0,0.0,0.0,0.0,0.0,0,0,0,0.0,3.0,186,6.2,1.0,0,0.0,1,1673712116.0,32.0,0,0.0,0.0,14.8,14.8,14.8,-1.3,7.6,12.8,7.2,1.22988,falling
407,1675421907,14.7,1016.5,1016.5,1020.8,34,0.0,0.0,0.0,0.0,0.0,0.0,0,0,0,0.0,3.0,167,4.6,0.8,0,0.0,1,1673712116.0,32.0,0,0.0,0.0,14.7,14.7,14.7,-1.0,7.6,12.8,7.1,1.23019,falling
408,1675421607,14.8,1016.7,1016.7,1021.0,34,0.0,0.0,0.0,0.0,0.0,0.0,0,0,0,0.0,1.3,189,2.6,0.2,0,0.0,1,1673712116.0,32.0,0,0.0,0.0,14.8,14.8,14.8,-0.9,7.7,12.9,7.1,1.23,falling
409,1675421247,14.8,1016.8,1016.8,1021.1,34,0.0,0.0,0.0,0.0,0.0,0.0,0,0,0,0.0,1.7,179,3.8,0.1,0,0.0,1,1673712116.0,32.0,0,0.0,0.0,14.8,14.8,14.8,-0.9,7.7,12.9,7.1,1.23012,falling
410,1675420949,14.8,1016.6,1016.6,1020.9,34,0.0,0.0,0.0,0.0,0.0,0.0,0,0,0,0.0,3.2,167,5.2,0.8,0,0.0,1,1673712116.0,32.0,0,0.0,0.0,14.8,14.8,14.8,-0.9,7.7,12.9,7.1,1.22988,falling
411,1675420649,14.8,1016.7,1016.7,1021.0,33,0.0,0.0,0.0,0.0,0.0,0.0,0,0,0,0.0,2.8,173,5.2,0.9,0,0.0,1,1673712116.0,32.0,0,0.0,0.0,14.8,14.8,14.8,-1.3,7.6,12.8,7.2,1.23,steady
412,1675420289,14.8,1016.8,1016.8,1021.1,33,0.0,0.0,0.0,0.0,0.0,0.0,0,0,0,0.0,3.0,162,4.9,1.4,0,0.0,1,1673712116.0,32.0,0,0.0,0.0,14.8,14.8,14.8,-1.3,7.6,12.8,7.2,1.23012,steady
413,1675419869,14.7,1017.0,1017.0,1021.3,34,0.0,0.0,0.0,0.0,0.0,0.0,0,0,0,0.0,3.1,177,5.5,1.4,0,0.0,1,1673712116.0,32.0,0,0.0,0.0,14.7,14.7,14.7,-1.0,7.6,12.8,7.1,1.23079,steady
414,1675419270,14.8,1017.2,1017.2,1021.5,33,0.0,0.0,0.0,0.0,0.0,0.0,0,0,0,0.0,2.6,165,3.9,1.4,0,0.0,1,1673712116.0,32.0,0,0.0,0.0,14.8,14.8,14.8,-1.3,7.6,12.8,7.2,1.23061,steady
415,1675418731,14.8,1017.2,1017.2,1021.5,34,0.0,0.0,0.0,0.0,0.0,0.0,0,0,0,0.0,2.4,168,4.7,0.6,0,0.0,1,1673712116.0,32.0,0,0.0,0.0,14.8,14.8,14.8,-0.9,7.7,12.9,7.1,1.23061,steady
416,1675418308,14.8,1017.4,1017.4,1021.7,34,0.0,0.0,0.0,0.0,0.0,0.0,0,0,0,0.0,2.6,177,5.5,0.5,0,0.0,1,1673712116.0,32.0,0,0.0,0.0,14.8,14.8,14.8,-0.9,7.7,12.9,7.1,1.23085,steady
417,1675418009,14.8,1017.4,1017.4,1021.7,34,0.0,0.0,0.0,0.0,0.0,0.0,0,0,0,0.0,1.2,173,2.4,0.4,0,0.0,1,1673712116.0,32.0,0,0.0,0.0,14.8,14.8,14.8,-0.9,7.7,12.9,7.1,1.23085,steady
418,1675417709,14.7,1017.3,1017.3,1021.6,34,0.0,0.0,0.0,0.0,0.0,0.0,0,0,0,0.0,2.8,185,5.4,0.3,0,0.0,1,1673712116.0,32.0,0,0.0,0.0,14.7,14.7,14.7,-1.0,7.6,12.8,7.1,1.23116,steady
419,1675417349,14.7,1017.3,1017.3,1021.6,34,0.0,0.0,0.0,0.0,0.0,0.0,0,0,0,0.0,2.0,176,4.0,0.8,0,0.0,1,1673712116.0,32.0,0,0.0,0.0,14.7,14.7,14.7,-1.0,7.6,12.8,7.1,1.23116,steady
420,1675417049,14.7,1017.2,1017.2,1021.5,33,0.0,0.0,0.0,0.0,0.0,0.0,0,0,0,0.0,2.5,176,4.0,1.0,0,0.0,1,1673712116.0,32.0,0,0.0,0.0,14.7,14.7,14.7,-1.4,7.5,12.7,7.2,1.23104,steady
421,1675416690,14.6,1017.4,1017.4,1021.7,33,0.0,0.0,0.0,0.0,0.0,0.0,0,0,0,0.0,3.0,183,5.8,0.7,0,0.0,1,1673712116.0,32.0,0,0.0,0.0,14.6,14.6,14.6,-1.5,7.4,12.7,7.2,1.23171,steady
422,1675416390,14.6,1017.2,1017.2,1021.5,33,0.0,0.0,0.0,0.0,0.0,0.0,0,0,0,0.0,2.3,192,4.9,0.7,0,0.0,1,1673712116.0,32.0,0,0.0,0.0,14.6,14.6,14.6,-1.5,7.4,12.7,7.2,1.23146,steady
423,1675415970,14.7,1017.1,1017.1,1021.4,33,0.0,0.0,0.0,0.0,0.0,0.0,0,0,0,0.0,2.1,193,4.3,0.4,0,0.0,1,1673712116.0,32.0,0,0.0,0.0,14.7,14.7,14.7,-1.4,7.5,12.7,7.2,1.23091,steady
424,1675415430,14.6,1017.1,1017.1,1021.4,33,0.0,0.0,0.0,0.0,0.0,0.0,0,0,0,0.0,3.7,172,5.7,1.2,0,0.0,1,1673712116.0,32.0,0,0.0,0.0,14.6,14.6,14.6,-1.5,7.4,12.7,7.2,1.23134,steady
425,1675414951,14.6,1017.3,1017.3,1021.6,33,0.0,0.0,0.0,0.0,0.0,0.0,0,0,0,0.0,2.8,180,4.5,0.7,0,0.0,1,1673712116.0,32.0,0,0.0,0.0,14.6,14.6,14.6,-1.5,7.4,12.7,7.2,1.23158,steady
426,1675414591,14.6,1017.3,1017.3,1021.6,33,0.0,0.0,0.0,0.0,0.0,0.0,0,0,0,0.0,1.8,183,4.9,0.5,0,0.0,1,1673712116.0,32.0,0,0.0,0.0,14.6,14.6,14.6,-1.5,7.4,12.7,7.2,1.23158,steady
427,1675414291,14.6,1017.4,1017.4,1021.7,33,0.0,0.0,0.0,0.0,0.0,0.0,0,0,0,0.0,2.1,171,5.0,1.0,0,0.0,1,1673712116.0,32.0,0,0.0,0.0,14.6,14.6,14.6,-1.5,7.4,12.7,7.2,1.23171,steady
428,1675413931,14.6,1017.5,1017.5,1021.8,33,0.0,0.0,0.0,0.0,0.0,0.0,0,0,0,0.0,1.6,176,2.8,0.6,0,0.0,1,1673712116.0,32.0,0,0.0,0.0,14.6,14.6,14.6,-1.5,7.4,12.7,7.2,1.23183,steady
429,1675413632,14.5,1017.5,1017.5,1021.8,33,0.0,0.0,0.0,0.0,0.0,0.0,0,0,0,0.0,3.1,174,5.2,0.5,0,0.0,1,1673712116.0,32.0,0,0.0,0.0,14.5,14.5,14.5,-1.6,7.4,12.6,7.1,1.23225,steady
430,1675413272,14.5,1017.7,1017.7,1022.0,34,0.0,0.0,0.0,0.0,0.0,0.0,0,0,0,0.0,1.9,174,4.6,0.5,0,0.0,1,1673712116.0,32.0,0,0.0,0.0,14.5,14.5,14.5,-1.2,7.5,12.7,7.0,1.2325,steady
431,1675412852,14.5,1017.7,1017.7,1022.0,34,0.0,0.0,0.0,0.0,0.0,0.0,0,0,0,0.0,1.6,170,2.8,0.6,0,0.0,1,1673712116.0,32.0,0,0.0,0.0,14.5,14.5,14.5,-1.2,7.5,12.7,7.0,1.2325,steady
432,1675412253,14.3,1017.7,1017.7,1022.0,35,0.0,0.0,0.0,0.0,0.0,0.0,0,0,0,0.0,1.4,189,2.6,0.2,0,0.0,1,1673712116.0,32.0,0,0.0,0.0,14.3,14.3,14.3,-1.0,7.4,12.6,6.9,1.23335,steady
433,1675411713,13.8,1017.8,1017.8,1022.1,35,0.0,0.0,0.0,0.0,0.0,0.0,0,0,0,0.0,1.0,185,2.5,0.0,0,0.0,1,1673712116.0,32.0,0,0.0,0.0,13.8,13.8,13.8,-1.4,7.1,12.4,6.7,1.23562,steady
434,1675411233,12.9,1017.9,1017.9,1022.2,37,0.0,0.0,0.0,0.0,0.0,0.0,0,0,0,0.0,0.9,201,1.9,0.0,0,0.0,1,1673712116.0,32.0,0,0.0,0.0,12.9,12.9,12.9,-1.5,6.6,11.9,6.3,1.23963,steady
435,1675410874,12.1,1018.0,1018.0,1022.3,40,0.0,0.0,0.0,0.0,0.0,0.0,0,0,0,0.0,0.6,199,1.4,0.0,0,0.0,1,1673712116.0,32.0,0,0.0,0.0,12.1,12.1,12.1,-1.1,6.3,11.6,5.8,1.24323,steady
436,1675410571,11.7,1018.0,1018.0,1022.3,46,0.0,0.0,0.0,0.0,0.0,0.0,0,0,0,0.0,0.2,181,0.8,0.0,0,0.0,1,1673712116.0,32.0,0,0.0,0.0,11.7,11.7,11.7,0.5,6.6,11.8,5.1,1.24498,steady
437,1675410272,11.7,1017.9,1017.9,1022.2,50,0.0,0.0,0.0,0.0,0.0,0.0,0,0,0,0.0,0.1,330,0.7,0.0,0,0.0,1,1673712116.0,32.0,0,0.0,0.0,11.7,11.7,11.7,1.6,7.0,12.1,4.7,1.24486,steady
438,1675409972,11.8,1018.0,1018.0,1022.3,50,0.0,0.0,0.0,0.0,0.0,0.0,0,0,0,0.0,0.0,0,0.0,0.0,0,0.0,1,1673712116.0,32.0,0,0.0,0.0,11.8,11.8,11.8,1.7,7.1,12.2,4.7,1.24454,steady
439,1675409612,12.0,1018.0,1018.0,1022.3,49,0.0,0.0,0.0,0.0,0.0,0.0,0,0,0,0.0,0.3,135,0.7,0.0,0,0.0,1,1673712116.0,32.0,0,0.0,0.0,12.0,12.0,12.0,1.6,7.2,12.2,4.8,1.24367,steady
440,1675409312,12.2,1017.9,1017.9,1022.2,48,0.0,0.0,0.0,0.0,0.0,0.0,0,0,0,0.0,0.0,264,0.4,0.0,0,0.0,1,1673712116.0,32.0,0,0.0,0.0,12.2,12.2,12.2,1.5,7.2,12.3,5.0,1.24268,steady
441,1675408952,12.4,1018.0,1018.0,1022.3,47,0.0,0.0,0.0,0.0,0.0,0.0,0,0,0,0.0,0.0,244,0.3,0.0,0,0.0,1,1673712116.0,32.0,0,0.0,0.0,12.4,12.4,12.4,1.4,7.3,12.4,5.1,1.24193,steady
442,1675408532,12.8,1017.9,1017.9,1022.2,45,0.0,0.0,0.0,0.0,0.0,0.0,0,0,0,0.0,0.5,275,0.8,0.0,0,0.0,1,1673712116.0,32.0,0,0.0,0.0,12.8,12.8,12.8,1.2,7.4,12.5,5.4,1.24007,steady
443,1675408053,13.1,1017.7,1017.7,1022.0,44,0.0,0.0,0.0,0.0,0.0,0.0,0,0,0,0.0,0.2,117,1.0,0.0,0,0.0,1,1673712116.0,32.0,0,0.0,0.0,13.1,13.1,13.1,1.1,7.5,12.6,5.6,1.23852,steady
444,1675407633,13.3,1017.7,1017.7,1022.0,42,0.0,0.0,0.0,0.0,0.0,0.0,0,0,0,0.0,0.5,86,1.4,0.0,0,0.0,1,1673712116.0,32.0,0,0.0,0.0,13.3,13.3,13.3,0.6,7.5,12.6,5.8,1.23766,steady
445,1675407273,13.5,1017.7,1017.7,1022.0,41,0.0,0.0,0.0,0.0,0.0,0.0,0,0,0,0.0,0.9,70,1.2,0.6,0,0.0,1,1673712116.0,32.0,0,0.0,0.0,13.5,13.5,13.5,0.5,7.5,12.6,6.0,1.2368,steady
446,1675406974,13.7,1017.6,1017.6,1021.9,40,0.0,0.0,0.0,0.0,0.0,0.0,0,0,0,0.0,0.0,0,0.0,0.0,0,0.0,1,1673712116.0,32.0,0,0.0,0.0,13.7,13.7,13.7,0.3,7.6,12.7,6.1,1.23581,steady
447,1675406673,13.8,1017.6,1017.6,1021.9,39,0.0,0.0,0.0,0.0,0.0,0.0,0,0,0,0.0,1.1,124,1.5,0.7,0,0.0,1,1673712116.0,32.0,0,0.0,0.0,13.8,13.8,13.8,0.1,7.5,12.6,6.3,1.23538,steady
448,1675406313,13.9,1017.7,1017.7,1022.0,39,0.0,0.0,0.0,0.0,0.0,0.0,0,0,0,0.0,1.5,111,1.9,1.1,0,0.0,1,1673712116.0,32.0,0,0.0,0.0,13.9,13.9,13.9,0.2,7.6,12.7,6.3,1.23507,steady
449,1675405895,14.0,1017.6,1017.6,1021.9,39,0.0,0.0,0.0,0.0,0.0,0.0,0,0,0,0.0,1.7,122,2.5,1.2,0,0.0,1,1673712116.0,32.0,0,0.0,0.0,14.0,14.0,14.0,0.3,7.7,12.8,6.3,1.23452,steady
450,1675405595,14.1,1017.6,1017.6,1021.9,38,0.0,0.0,0.0,0.0,0.0,0.0,0,0,0,0.0,2.1,129,2.8,1.4,0,0.0,1,1673712116.0,32.0,0,0.0,0.0,14.1,14.1,14.1,-0.0,7.6,12.7,6.5,1.23409,steady
451,1675404153,14.3,1017.4,1017.4,1021.7,39,0.0,0.0,0.0,0.0,0.0,0.0,0,0,0,0.0,1.3,101,2.2,0.4,0,0.0,1,1673712116.0,32.0,0,0.0,0.0,14.3,14.3,14.3,0.5,7.9,13.0,6.4,1.23299,steady
452,1675404093,14.3,1017.3,1017.3,1021.6,39,0.0,0.0,0.0,0.0,0.0,0.0,0,0,0,0.0,1.8,105,2.8,1.1,0,0.0,1,1673712116.0,32.0,0,0.0,0.0,14.3,14.3,14.3,0.5,7.9,13.0,6.4,1.23287,steady
453,1675403794,14.5,1017.3,1017.3,1021.6,37,0.0,0.0,0.0,0.0,0.0,0.0,0,0,0,0.0,2.4,134,3.2,1.6,0,0.0,1,1673712116.0,32.0,0,0.0,0.0,14.5,14.5,14.5,-0.0,7.8,12.9,6.7,1.23201,steady
454,1675403674,14.5,1017.3,1017.3,1021.6,37,0.0,0.0,0.0,0.0,0.0,0.0,0,0,0,0.0,3.1,134,5.4,2.1,0,0.0,1,1673712116.0,32.0,0,0.0,0.0,14.5,14.5,14.5,-0.0,7.8,12.9,6.7,1.23201,steady
